name,birth_year,birth_date,birthplace,race_ethnicity,religion,sexual_orientation,year_edition,category,movie,movie_clean,id,title,link,year,duration,rating_mpa,rating_imdb,vote,budget,gross_world_wide,gross_us_canada,gross_opening_weekend,director,writer,star,genre,country_origin,filming_location,production_company,language,win,nomination,oscar,title_clean,age_at_win
Marie Dressler,1868.0,1868-11-02,"Cobourg, Ontario, Canada",White,Unknown,Straight,1931.0,Best Actress,Min and Bill,min and bill,,,,,,,,,,,,,,,,,,,,,,,,,63.0
George Arliss,1868.0,1868-04-10,"London, England",White,Unknown,Straight,1930.0,Best Actor,Desraeli,desraeli,,,,,,,,,,,,,,,,,,,,,,,,,62.0
Edmund Gwenn,1875.0,1875-09-26,"Vale of Glamorgan, Wales",White,Unknown,Na,1948.0,Best Supporting Actor,Miracle on 34th Street,miracle on 34th street,tt0110527,Miracle on 34th Street,https://www.imdb.com/title/tt0110527,1994.0,1h 54m,PG,6.6,47000.0,,46264384.0,17320136.0,2753208.0,Les Mayfield,"Valentine Davies, George Seaton, John Hughes","Richard Attenborough, Elizabeth Perkins, Dylan McDermott","Holiday Family, Drama, Family, Fantasy, Holiday",United States,"Central Park West, Manhattan, New York City, New York, USA","Twentieth Century Fox, Hughes Entertainment","English, American Sign Language, Dutch, Italian, Russian, Swahili",0.0,0.0,0.0,miracle on 34th street,73.0
Charles Coburn,1877.0,1877-06-17,"Savannah, Ga",White,Unknown,Straight,1944.0,Best Supporting Actor,The More the Merrier,the more the merrier,,,,,,,,,,,,,,,,,,,,,,,,,67.0
Lionel Barrymore,1878.0,1878-04-28,"Philadelphia, Pa",White,Roman Catholic,Straight,1931.0,Best Actor,A Free Soul,a free soul,,,,,,,,,,,,,,,,,,,,,,,,,53.0
Jane Darwell,1879.0,1879-10-15,"Palmyra, Mo",White,Unknown,Straight,1941.0,Best Supporting Actress,The Grapes of Wrath,the grapes of wrath,,,,,,,,,,,,,,,,,,,,,,,,,62.0
Ethel Barrymore,1879.0,1879-08-15,"Philadelphia, Pa",White,Roman Catholic,Straight,1945.0,Best Supporting Actress,None but the Lonely Heart,none but the lonely heart,,,,,,,,,,,,,,,,,,,,,,,,,66.0
Donald Crisp,1880.0,1880-07-27,"London, England",White,Unknown,Straight,1942.0,Best Supporting Actor,How Green Was My Valley,how green was my valley,,,,,,,,,,,,,,,,,,,,,,,,,62.0
Victor McLaglen,1883.0,1883-12-11,"Tunbridge Wells, Kent, England",White,Anglican/episcopalian,Straight,1936.0,Best Actor,The Informer,the informer,tt1833116,The Informer,https://www.imdb.com/title/tt1833116,2019.0,1h 53m,R,6.6,44000.0,60000000.0,2927708.0,300460.0,133475.0,Andrea Di Stefano,"Matt Cook, Rowan Joffe, Andrea Di Stefano","Joel Kinnaman, Rosamund Pike, Common","Police Procedural, Prison Drama, Spy, Action, Crime, Drama, Thriller","United Kingdom, Canada, United States","London, England, UK","The Fyzz, Thunder Road Pictures, Ingenious","English, Polish, Spanish",0.0,0.0,0.0,the informer,53.0
Victor Fleming,1883.0,1883-02-23,"Pasadena, Ca",White,Unknown,Straight,1940.0,Best Director,Gone with the Wind,gone with the wind,,,,,,,,,,,,,,,,,,,,,,,,,57.0
Walter Huston,1884.0,1884-04-06,"Toronto, Ontario, Canada",White,Unknown,Straight,1949.0,Best Supporting Actor,The Treasure of the Sierra Madre,the treasure of the sierra madre,,,,,,,,,,,,,,,,,,,,,,,,,65.0
Emil Jannings,1884.0,1884-07-23,"Rorschach, Switzerland",White,Unknown,Bisexual,1929.0,Best Actor,The Last Command,the last command,,,,,,,,,,,,,,,,,,,,,,,,,45.0
Wallace Beery,1885.0,1885-04-01,"Kansas City, Mo",White,Unknown,Straight,1932.0,Best Actor,The Champ,the champ,tt0078950,The Champ,https://www.imdb.com/title/tt0078950,1979.0,2h 1m,PG,6.8,95000.0,,30441738.0,30441738.0,1972684.0,Franco Zeffirelli,"Frances Marion, Walter Newman","Jon Voight, Faye Dunaway, Ricky Schroder","Boxing, Tragedy, Drama, Sport",United States,"Hialeah, Florida, USA","Hialeah Park Studios, MetroGoldwynMayer MGM","English, Spanish",0.0,8.0,1.0,the champ,47.0
Josephine Hull,1886.0,1886-01-03,"Newtonville, Ma",White,Unknown,Straight,1951.0,Best Supporting Actress,Harvey,harvey,,,,,,,,,,,,,,,,,,,,,,,,,65.0
Michael Curtiz,1886.0,1886-12-24,"Budapest, Hungary",White,Unknown,Straight,1944.0,Best Director,Casablanca,casablanca,,,,,,,,,,,,,,,,,,,,,,,,,58.0
Frank Lloyd,1886.0,1886-02-02,"Glasgow, Scotland",White,Unknown,Straight,1930.0,Best Director,The Divine Lady,the divine lady,,,,,,,,,,,,,,,,,,,,,,,,,44.0
Frank Lloyd,1886.0,1886-02-02,"Glasgow, Scotland",White,Unknown,Straight,1934.0,Best Director,Cavalcade,cavalcade,,,,,,,,,,,,,,,,,,,,,,,,,48.0
Paul Lukas,1887.0,1887-05-26,"Budapest, Hungary",White,Unknown,Straight,1944.0,Best Actor,Watch on the Rhine,watch on the rhine,,,,,,,,,,,,,,,,,,,,,,,,,57.0
Barry Fitzgerald,1888.0,1888-03-10,"Dublin, Ireland",White,Protestant,Na,1945.0,Best Supporting Actor,Going My Way,going my way,,,,,,,,,,,,,,,,,,,,,,,,,57.0
Warner Baxter,1889.0,1889-03-29,"Columbus, Oh",White,Unknown,Straight,1930.0,Best Actor,In Old Arizona,in old arizona,,,,,,,,,,,,,,,,,,,,,,,,,41.0
Fay Bainter,1891.0,1891-12-07,"Los Angeles, Ca",White,Unknown,Straight,1939.0,Best Supporting Actress,Jezebel,jezebel,,,,,,,,,,,,,,,,,,,,,,,,,48.0
Ronald Colman,1891.0,1891-02-09,"Richmond, Surrey, England",White,Unknown,Straight,1948.0,Best Actor,A Double Life,a double life,,,,,,,,,,,,,,,,,,,,,,,,,57.0
Margaret Rutherford,1892.0,1892-05-11,"London, England",White,Unknown,Straight,1964.0,Best Supporting Actress,the V.I.P.s,the v.i.p.s,tt0057634,The V.I.P.s,https://www.imdb.com/title/tt0057634,1963.0,1h 59m,Not Rated,6.3,43000.0,4000000.0,,,,Anthony Asquith,Terence Rattigan,"Elizabeth Taylor, Richard Burton, Louis Jourdan",Drama,United Kingdom,"Heathrow Airport, The Compass Centre, Nelson Road, Hounslow, Greater London, England, UK","MetroGoldwynMayer MGM, De Grunwald Productions","English, Italian",0.0,2.0,0.0,the v.i.p.s,72.0
Mary Pickford,1892.0,1892-04-08,"Toronto, Ontario, Canada",White,Unknown,Straight,1930.0,Best Actress,Coquette,coquette,,,,,,,,,,,,,,,,,,,,,,,,,38.0
Thomas Mitchell,1892.0,1892-07-11,"Elizabeth, Nj",White,Unknown,Straight,1940.0,Best Supporting Actor,Stagecoach,stagecoach,tt0061024,Stagecoach,https://www.imdb.com/title/tt0061024,1966.0,1h 55m,Approved,6.1,23000.0,3500000.0,,,,Gordon Douglas,"Joseph Landon, Dudley Nichols, Ernest Haycox","AnnMargret, Alex Cord, Red Buttons","Classical Western, Action, Adventure, Western",United States,"Caribou Country Club Ranch, Nederland, Colorado, USA","Twentieth Century Fox, Martin Rackin Productions",English,0.0,0.0,0.0,stagecoach,48.0
Alice Brady,1892.0,1892-11-02,New York City,White,Unknown,Straight,1938.0,Best Supporting Actress,In Old Chicago,in old chicago,,,,,,,,,,,,,,,,,,,,,,,,,46.0
Hattie McDaniel,1893.0,1893-06-10,"Wichita, Ks",Black,Christian,Matter of Dispute,1940.0,Best Supporting Actress,Gone with the Wind,gone with the wind,,,,,,,,,,,,,,,,,,,,,,,,,47.0
Frank Borzage,1894.0,1894-04-23,"Salt Lake City, Ut",White,Roman Catholic,Straight,1933.0,Best Director,Bad Girl,bad girl,,,,,,,,,,,,,,,,,,,,,,,,,39.0
John Ford,1894.0,1894-02-01,"Cape Elizabeth, Me",White,Roman Catholic,Bisexual,1941.0,Best Director,The Grapes of Wrath,the grapes of wrath,,,,,,,,,,,,,,,,,,,,,,,,,47.0
John Ford,1894.0,1894-02-01,"Cape Elizabeth, Me",White,Roman Catholic,Bisexual,1936.0,Best Director,The Informer,the informer,tt1833116,The Informer,https://www.imdb.com/title/tt1833116,2019.0,1h 53m,R,6.6,44000.0,60000000.0,2927708.0,300460.0,133475.0,Andrea Di Stefano,"Matt Cook, Rowan Joffe, Andrea Di Stefano","Joel Kinnaman, Rosamund Pike, Common","Police Procedural, Prison Drama, Spy, Action, Crime, Drama, Thriller","United Kingdom, Canada, United States","London, England, UK","The Fyzz, Thunder Road Pictures, Ingenious","English, Polish, Spanish",0.0,0.0,0.0,the informer,42.0
John Ford,1894.0,1894-02-01,"Cape Elizabeth, Me",White,Roman Catholic,Bisexual,1953.0,Best Director,The Quiet Man,the quiet man,,,,,,,,,,,,,,,,,,,,,,,,,59.0
John Ford,1894.0,1894-02-01,"Cape Elizabeth, Me",White,Roman Catholic,Bisexual,1942.0,Best Director,How Green Was My Valley,how green was my valley,,,,,,,,,,,,,,,,,,,,,,,,,48.0
Walter Brennan,1894.0,1894-07-25,"Swampscott, Ma",White,Unknown,Straight,1938.0,Best Supporting Actor,Come and Get It,come and get it,,,,,,,,,,,,,,,,,,,,,,,,,44.0
Walter Brennan,1894.0,1894-07-25,"Swampscott, Ma",White,Unknown,Straight,1939.0,Best Supporting Actor,Kentucky,kentucky,,,,,,,,,,,,,,,,,,,,,,,,,45.0
Walter Brennan,1894.0,1894-07-25,"Swampscott, Ma",White,Unknown,Straight,1941.0,Best Supporting Actor,The Westerner,the westerner,,,,,,,,,,,,,,,,,,,,,,,,,47.0
Paul Muni,1895.0,1895-09-22,"Lviv, Ukraine",White,Jewish,Straight,1937.0,Best Actor,The Story of Louis Pasteur,the story of louis pasteur,,,,,,,,,,,,,,,,,,,,,,,,,42.0
Lewis Milestone,1895.0,1895-09-30,"Chisinau, Moldova",White,Unknown,Straight,1927.0,Best Director,Two Arabian Knights,two arabian knights,,,,,,,,,,,,,,,,,,,,,,,,,32.0
Lewis Milestone,1895.0,1895-09-30,"Chisinau, Moldova",White,Unknown,Straight,1931.0,Best Director,All Quiet on the Western Front,all quiet on the western front,tt1016150,All Quiet on the Western Front,https://www.imdb.com/title/tt1016150,2022.0,2h 28m,R,7.8,264000.0,,,,,Edward Berger,"Edward Berger, Lesley Paterson, Ian Stokell","Felix Kammerer, Albrecht Schuch, Aaron Hilmer","Epic, Period Drama, War Epic, Drama, History, War","Germany, United States, United Kingdom",Belgium,"Amusement Park Films, Gunpowder Films, Sliding Down Rainbows Entertainment","German, French",0.0,88.0,0.0,all quiet on the western front,36.0
Ruth Gordon,1896.0,1896-10-30,"Quincy, Ma",White,Unknown,Straight,1969.0,Best Supporting Actress,Rosemary's Baby,rosemary's baby,tt0063522,Rosemary's Baby,https://www.imdb.com/title/tt0063522,1968.0,2h 17m,R,8.0,245000.0,3200000.0,3288.0,,,Roman Polanski,"Ira Levin, Roman Polanski","Mia Farrow, John Cassavetes, Ruth Gordon","Psychological Drama, Psychological Horror, Supernatural Horror, Drama, Horror",United States,"Dakota Hotel  1 West 72nd St at Central Park West, Manhattan, New York City, New York, USA",William Castle Productions,English,0.0,13.0,0.0,rosemary's baby,73.0
Joseph Schildkraut,1896.0,1896-03-22,"Vienna, Austria",White,Unknown,Straight,1938.0,Best Supporting Actor,The Life of Emile Zola,the life of emile zola,,,,,,,,,,,,,,,,,,,,,,,,,42.0
George Burns,1896.0,1896-01-20,New York City,White,Jewish,Straight,1976.0,Best Supporting Actor,The Sunshine Boys,the sunshine boys,tt0073766,The Sunshine Boys,https://www.imdb.com/title/tt0073766,1975.0,1h 51m,PG,7.1,69000.0,3500000.0,,,,Herbert Ross,Neil Simon,"Walter Matthau, George Burns, Richard Benjamin","Sketch Comedy, Comedy",United States,"Ansonia Hotel  74th  Broadway, Manhattan, New York City, New York, USA",MetroGoldwynMayer MGM,English,0.0,7.0,0.0,the sunshine boys,80.0
Fredric March,1897.0,1897-08-31,"Racine, Wi",White,Unknown,Straight,1947.0,Best Actor,The Best Years of Our Lives,the best years of our lives,,,,,,,,,,,,,,,,,,,,,,,,,50.0
Frank Capra,1897.0,1897-05-18,"Bisacquino, Sicily, Italy",White,Roman Catholic,Straight,1937.0,Best Director,Mr. Deeds Goes to Town,mr. deeds goes to town,,,,,,,,,,,,,,,,,,,,,,,,,40.0
Frank Capra,1897.0,1897-05-18,"Bisacquino, Sicily, Italy",White,Roman Catholic,Straight,1935.0,Best Director,It Happened One Night,it happened one night,,,,,,,,,,,,,,,,,,,,,,,,,38.0
Frank Capra,1897.0,1897-05-18,"Bisacquino, Sicily, Italy",White,Roman Catholic,Straight,1939.0,Best Director,You Can't Take It with You,you can't take it with you,,,,,,,,,,,,,,,,,,,,,,,,,42.0
Shirley Booth,1898.0,1898-08-30,New York City,White,Unknown,Straight,1953.0,Best Actress,"Come Back, Little Sheba","come back, little sheba",,,,,,,,,,,,,,,,,,,,,,,,,55.0
Leo McCarey,1898.0,1898-10-03,"Los Angeles, Ca",White,Unknown,Straight,1938.0,Best Director,The Awful Truth,the awful truth,,,,,,,,,,,,,,,,,,,,,,,,,40.0
Leo McCarey,1898.0,1898-10-03,"Los Angeles, Ca",White,Unknown,Straight,1945.0,Best Director,Going My Way,going my way,,,,,,,,,,,,,,,,,,,,,,,,,47.0
George Cukor,1899.0,1899-07-07,New York City,White,Unknown,Gay,1965.0,Best Director,My Fair Lady,my fair lady,tt0058385,My Fair Lady,https://www.imdb.com/title/tt0058385,1964.0,2h 50m,G,7.7,104000.0,17000000.0,72684726.0,72560711.0,354764.0,George Cukor,"Alan Jay Lerner, George Bernard Shaw","Audrey Hepburn, Rex Harrison, Stanley Holloway","Classic Musical, Drama, Family, Musical, Romance",United States,"Stage 16, Warner Brothers Burbank Studios  4000 Warner Boulevard, Burbank, California, USA",Warner Bros,English,0.0,13.0,0.0,my fair lady,66.0
Gale Sondergaard,1899.0,1899-02-15,"Litchfield, Mn",White,Unknown,Straight,1937.0,Best Supporting Actress,Anthony Adverse,anthony adverse,,,,,,,,,,,,,,,,,,,,,,,,,38.0
Humphrey Bogart,1899.0,1899-12-25,New York City,White,Unknown,Straight,1952.0,Best Actor,The Africa Queen,the africa queen,,,,,,,,,,,,,,,,,,,,,,,,,53.0
Norman Taurog,1899.0,1899-02-23,"Chicago, Il",White,Unknown,Straight,1932.0,Best Director,Skippy,skippy,,,,,,,,,,,,,,,,,,,,,,,,,33.0
Charles Laughton,1899.0,1899-07-01,"Victoria Hotel, Scarborough, Yorkshire, England",White,Roman Catholic,Gay,1934.0,Best Actor,The Private Life of Henry VIII,the private life of henry viii,,,,,,,,,,,,,,,,,,,,,,,,,35.0
James Cagney,1899.0,1899-07-17,"Manhattan, Ny",White,Roman Catholic,Straight,1943.0,Best Actor,Yankee Doodle Dandy,yankee doodle dandy,,,,,,,,,,,,,,,,,,,,,,,,,44.0
Katina Paxinou,1900.0,1900-12-17,"Athens, Greece",White,Unknown,Straight,1944.0,Best Supporting Actress,For Whom the Bell Tolls,for whom the bell tolls,,,,,,,,,,,,,,,,,,,,,,,,,44.0
Helen Hayes,1900.0,1900-10-10,"Washington, Dc",White,Unknown,Straight,1932.0,Best Actress,The Sin of Madelon Claudet,the sin of madelon claudet,,,,,,,,,,,,,,,,,,,,,,,,,32.0
Helen Hayes,1900.0,1900-10-10,"Washington, Dc",White,Unknown,Straight,1971.0,Best Supporting Actress,Airport,airport,tt0065377,Airport,https://www.imdb.com/title/tt0065377,1970.0,2h 17m,G,6.6,23000.0,10000000.0,100489151.0,100489151.0,,"George Seaton, Henry Hathaway","Arthur Hailey, George Seaton","Burt Lancaster, Dean Martin, George Kennedy","Dark Comedy, Disaster, Action, Drama, Thriller",United States,"MinneapolisSaint Paul International Airport, Minneapolis, Minnesota, USA",Ross Hunter Productions,"English, Italian",0.0,19.0,0.0,airport,71.0
Spencer Tracy,1900.0,1900-04-05,"Milwaukee, Wi",White,Roman Catholic,Straight,1938.0,Best Actor,Captains Courageous,captains courageous,,,,,,,,,,,,,,,,,,,,,,,,,38.0
Spencer Tracy,1900.0,1900-04-05,"Milwaukee, Wi",White,Roman Catholic,Straight,1939.0,Best Actor,Boys Town,boys town,,,,,,,,,,,,,,,,,,,,,,,,,39.0
Clark Gable,1901.0,1901-02-01,"Cadiz, Oh",White,Unknown,Straight,1935.0,Best Actor,It Happened One Night,it happened one night,,,,,,,,,,,,,,,,,,,,,,,,,34.0
James Dunn,1901.0,1901-11-02,New York City,White,Unknown,Straight,1946.0,Best Supporting Actor,A Tree Grows in Brooklyn,a tree grows in brooklyn,,,,,,,,,,,,,,,,,,,,,,,,,45.0
"Ed Begley, Sr.",1901.0,1901-03-25,"Hartford, Ct",White,Unknown,Straight,1963.0,Best Supporting Actor,Sweet Bird of Youth,sweet bird of youth,tt0056541,Sweet Bird of Youth,https://www.imdb.com/title/tt0056541,1962.0,2h,Approved,7.1,87000.0,,60.0,,,Richard Brooks,"Tennessee Williams, Richard Brooks","Paul Newman, Geraldine Page, Shirley Knight","Drama, Romance",United States,"Malibu, California, USA",Roxbury Productions Inc,English,0.0,7.0,0.0,sweet bird of youth,62.0
Gary Cooper,1901.0,1901-05-07,"Helena, Mt",White,Roman Catholic,Straight,1953.0,Best Actor,High Noon,high noon,,,,,,,,,,,,,,,,,,,,,,,,,52.0
Gary Cooper,1901.0,1901-05-07,"Helena, Mt",White,Roman Catholic,Straight,1942.0,Best Actor,Sergeant York,sergeant york,,,,,,,,,,,,,,,,,,,,,,,,,41.0
Melvyn Douglas,1901.0,1901-04-05,"Macon, Ga",White,Jewish,Straight,1964.0,Best Supporting Actor,Hud,hud,tt0057163,Hud,https://www.imdb.com/title/tt0057163,1963.0,1h 52m,Approved,7.8,25000.0,2500000.0,,,,Martin Ritt,"Irving Ravetch, Harriet Frank Jr, Larry McMurtry","Paul Newman, Melvyn Douglas, Patricia Neal","Contemporary Western, Drama, Western",United States,"Goodnight, Texas, USA",SalemDover Productions,English,0.0,17.0,0.0,hud,63.0
Melvyn Douglas,1901.0,1901-04-05,"Macon, Ga",White,Jewish,Straight,1980.0,Best Supporting Actor,Being There,being there,tt0078841,Being There,https://www.imdb.com/title/tt0078841,1979.0,2h 10m,PG,7.9,80000.0,,30179435.0,30177511.0,,Hal Ashby,"Jerzy Kosinski, Robert C Jones","Peter Sellers, Shirley MacLaine, Melvyn Douglas","Satire, Comedy, Drama",United States,"Biltmore Estate  1 Approach Road, Asheville, North Carolina, USA","BSB, CIP, Lorimar Film Entertainment","English, Russian, Italian",0.0,15.0,0.0,being there,79.0
John Houseman,1902.0,1902-09-22,"Bucharest, Romania",White,Unknown,Straight,1974.0,Best Supporting Actor,The Paper Chase,the paper chase,tt0070509,The Paper Chase,https://www.imdb.com/title/tt0070509,1973.0,1h 53m,PG,7.2,89000.0,,,1851898.0,,James Bridges,"John Jay Osborn Jr, James Bridges","Timothy Bottoms, Lindsay Wagner, John Houseman","Comedy, Drama",United States,"Gravenhurst, Ontario, Canada","ThompsonPaul Productions, Twentieth Century Fox","English, Latin",0.0,4.0,0.0,the paper chase,72.0
Norma Shearer,1902.0,1902-08-10,"Montreal, Quebec, Canada",White,Unknown,Straight,1930.0,Best Actress,The Divorcee,the divorcee,tt0124410,The Divorcee,https://www.imdb.com/title/tt0124410,1969.0,1h 30m,R,5.0,67.0,,,,,Stephen C Apostolof,Stephen C Apostolof,"Marsha Jordan, Marlon Proctor, Deborah Downey",Drama,United States,,AA Productions,English,0.0,0.0,0.0,the divorcee,28.0
William Wyler,1902.0,1902-07-01,"Mulhouse, Haut-Rhin, Alsace, France",White,Unknown,Straight,1947.0,Best Director,The Best Years of Our Lives,the best years of our lives,,,,,,,,,,,,,,,,,,,,,,,,,45.0
William Wyler,1902.0,1902-07-01,"Mulhouse, Haut-Rhin, Alsace, France",White,Unknown,Straight,1960.0,Best Director,Ben-Hur,ben-hur,tt2638144,Ben-Hur,https://www.imdb.com/title/tt2638144,2016.0,2h 3m,PG-13,5.7,48000.0,100000000.0,94061311.0,26410477.0,11203815.0,Timur Bekmambetov,"Keith R Clarke, John Ridley, Lew Wallace","Jack Huston, Toby Kebbell, Rodrigo Santoro","Action Epic, Epic, Romantic Epic, Sword  Sandal, Action, Adventure, Drama, Romance",United States,"Matera, Basilicata, Italy","Paramount Pictures, MetroGoldwynMayer MGM, LightWorkers Media","English, Persian, Greek, Arabic, Latin",0.0,3.0,0.0,ben-hur,58.0
William Wyler,1902.0,1902-07-01,"Mulhouse, Haut-Rhin, Alsace, France",White,Unknown,Straight,1943.0,Best Director,Mrs. Miniver,mrs. miniver,,,,,,,,,,,,,,,,,,,,,,,,,41.0
Dean Jagger,1903.0,1903-11-07,"Lima, Oh",White,Unknown,Straight,1950.0,Best Supporting Actor,Twelve O'Clock High,twelve o'clock high,,,,,,,,,,,,,,,,,,,,,,,,,47.0
Claudette Colbert,1903.0,1903-09-13,"Paris, France",White,Unknown,Straight,1935.0,Best Actress,It Happened One Night,it happened one night,,,,,,,,,,,,,,,,,,,,,,,,,32.0
Bing Crosby,1903.0,1903-05-03,"Tacoma, Wa",White,Roman Catholic,Straight,1945.0,Best Actor,Going My Way,going my way,,,,,,,,,,,,,,,,,,,,,,,,,42.0
Anne Revere,1903.0,1903-06-25,New York City,White,Unknown,Straight,1946.0,Best Supporting Actress,National Velvet,national velvet,,,,,,,,,,,,,,,,,,,,,,,,,43.0
Vincente Minnelli,1903.0,1903-02-28,"Chicago, Il",White,Unknown,Bisexual,1959.0,Best Director,Gigi,gigi,,,,,,,,,,,,,,,,,,,,,,,,,56.0
Greer Garson,1904.0,1904-09-29,"London, England",White,Unknown,Straight,1942.0,Best Actress,Mrs. Miniver,mrs. miniver,,,,,,,,,,,,,,,,,,,,,,,,,38.0
John Gielgud,1904.0,1904-04-14,"London, England",White,Unknown,Gay,1982.0,Best Supporting Actor,Arthur,arthur,tt0082031,Arthur,https://www.imdb.com/title/tt0082031,1981.0,1h 37m,PG,6.9,32000.0,7000000.0,95461682.0,95461682.0,2719534.0,Steve Gordon,Steve Gordon,"Dudley Moore, Liza Minnelli, John Gielgud","FeelGood Romance, Romantic Comedy, Comedy, Romance",United States,"St Bartholomews Episcopal Church St Barts 325 Park Avenue, Park Avenue at 51st Street, Midtown, Manhattan, New York City, New York, USA","Orion Pictures, Jack Rollins  Charles H Joffe Productions",English,0.0,6.0,0.0,arthur,78.0
Don Ameche,1904.0,1904-05-31,"Kenosha, Wi",White,Roman Catholic,Straight,1986.0,Best Supporting Actor,Cocoon,cocoon,tt0088933,Cocoon,https://www.imdb.com/title/tt0088933,1985.0,1h 57m,PG-13,6.7,70000.0,17500000.0,85313124.0,76113124.0,7936427.0,Ron Howard,"Tom Benedek, David Saperstein","Don Ameche, Wilford Brimley, Hume Cronyn","Comedy, Drama, SciFi",United States,"St Petersburg, Florida, USA","Twentieth Century Fox, ZanuckBrown Productions, SLM Production Group",English,0.0,11.0,0.0,cocoon,82.0
George Stevens,1904.0,1904-12-18,"Oakland, Ca",White,Unknown,Straight,1952.0,Best Director,A Place in the Sun,a place in the sun,,,,,,,,,,,,,,,,,,,,,,,,,48.0
George Stevens,1904.0,1904-12-18,"Oakland, Ca",White,Unknown,Straight,1957.0,Best Director,Giant,giant,,,,,,,,,,,,,,,,,,,,,,,,,53.0
Henry Fonda,1905.0,1905-05-16,"Grand Island, Ne",White,Unknown,Straight,1982.0,Best Actor,On Golden Pond,on golden pond,tt0082846,On Golden Pond,https://www.imdb.com/title/tt0082846,1981.0,1h 49m,PG,7.6,36000.0,7500000.0,119285810.0,119285432.0,89213.0,Mark Rydell,Ernest Thompson,"Katharine Hepburn, Henry Fonda, Jane Fonda",Drama,United States,"Squam Lake, New Hampshire, USA","Incorporated Television Company ITC, IPC Films",English,0.0,24.0,0.0,on golden pond,77.0
Robert Donat,1905.0,1905-03-18,"Withington, Manchester, England",White,Unknown,Straight,1940.0,Best Actor,Goodbye Mr. Chips,goodbye mr. chips,,,,,,,,,,,,,,,,,,,,,,,,,35.0
Joan Crawford,1905.0,1905-03-23,"San Antonio, Tx",White,Christian Science,Bisexual,1946.0,Best Actress,Mildred Pierce,mildred pierce,,,,,,,,,,,,,,,,,,,,,,,,,41.0
Janet Gaynor,1906.0,1906-10-06,"Philadelphia, Pa",White,Unknown,Straight,1929.0,Best Actress,7th Heaven,7th heaven,,,,,,,,,,,,,,,,,,,,,,,,,23.0
John Huston,1906.0,1906-08-05,"Nevada, Mo",White,Unknown,Straight,1949.0,Best Director,The Treasure of the Sierra Madre,the treasure of the sierra madre,,,,,,,,,,,,,,,,,,,,,,,,,43.0
George Sanders,1906.0,1906-07-03,"St. Petersburg, Russia",White,Unknown,Straight,1951.0,Best Supporting Actor,All About Eve,all about eve,,,,,,,,,,,,,,,,,,,,,,,,,45.0
Carol Reed,1906.0,1906-12-30,"London, England",White,Unknown,Straight,1969.0,Best Director,Oliver!,oliver!,tt0063385,Oliver!,https://www.imdb.com/title/tt0063385,1968.0,2h 33m,G,7.4,42000.0,10000000.0,228.0,,,Carol Reed,"Lionel Bart, Vernon Harris, Charles Dickens","Mark Lester, Ron Moody, Shani Wallis","Classic Musical, Drama, Family, Musical",United Kingdom,"H Stage, Shepperton Studios, Shepperton, Surrey, England, UK","Romulus Films, Warwick Film Productions",English,0.0,25.0,0.0,oliver!,63.0
Mary Astor,1906.0,1906-05-03,"Quincy, Il",White,Roman Catholic,Straight,1942.0,Best Supporting Actress,The Great Lie,the great lie,,,,,,,,,,,,,,,,,,,,,,,,,36.0
Billy Wilder,1906.0,1906-06-22,"Sucha, Galicia, Austria",White,Jewish,Straight,1946.0,Best Director,The Lost Weekend,the lost weekend,,,,,,,,,,,,,,,,,,,,,,,,,40.0
Billy Wilder,1906.0,1906-06-22,"Sucha, Galicia, Austria",White,Jewish,Straight,1961.0,Best Director,The Apartment,the apartment,tt0053604,The Apartment,https://www.imdb.com/title/tt0053604,1960.0,2h 5m,Approved,8.3,204000.0,3000000.0,18778738.0,18600000.0,,Billy Wilder,"Billy Wilder, IAL Diamond","Jack Lemmon, Shirley MacLaine, Fred MacMurray","Farce, Holiday Comedy, Holiday Romance, Romantic Comedy, Comedy, Drama, Holiday, Romance",United States,"Majestic Theater, 247 West 44th Street, Manhattan, New York City, New York, USA",The Mirisch Corporation,English,0.0,8.0,0.0,the apartment,55.0
Ray Milland,1907.0,1907-01-03,"Neath, Wales",White,Unknown,Straight,1946.0,Best Actor,The Lost Weekend,the lost weekend,,,,,,,,,,,,,,,,,,,,,,,,,39.0
Jack Albertson,1907.0,1907-06-16,"Malden, Ma",White,Unknown,Na,1969.0,Best Supporting Actor,The Subject Was Roses,the subject was roses,tt0063654,The Subject Was Roses,https://www.imdb.com/title/tt0063654,1968.0,1h 47m,G,7.0,19000.0,,,,,Ulu Grosbard,Frank D Gilroy,"Patricia Neal, Jack Albertson, Martin Sheen",Drama,United States,"Spring Lake, New Jersey, USA","MetroGoldwynMayer MGM, Edgar Lansbury Productions Inc, TDJ Productions Inc",English,0.0,3.0,0.0,the subject was roses,62.0
Peggy Ashcroft,1907.0,1907-12-22,"Croydon, Surrey, England",White,Agnostic,Straight,1985.0,Best Supporting Actress,A Passage to India,a passage to india,tt0087892,A Passage to India,https://www.imdb.com/title/tt0087892,1984.0,2h 44m,PG,7.3,22000.0,16000000.0,27201487.0,27187653.0,84580.0,David Lean,"EM Forster, Santha Rama Rau, David Lean","Judy Davis, Victor Banerjee, Peggy Ashcroft","Historical Epic, Period Drama, Adventure, Drama, History","United Kingdom, United States","Bangalore Palace, Bangalore, Karnataka, India","EMI Films, Home Box Office HBO","English, Hindi",0.0,26.0,0.0,a passage to india,78.0
John Wayne,1907.0,1907-05-26,"Winterset, Ia",White,Roman Catholic,Straight,1970.0,Best Actor,True Grit,true grit,tt1403865,True Grit,https://www.imdb.com/title/tt1403865,2010.0,1h 50m,PG-13,7.6,364000.0,38000000.0,252278285.0,171243005.0,24830443.0,"Ethan Coen, Joel Coen","Joel Coen, Ethan Coen, Charles Portis","Jeff Bridges, Matt Damon, Hailee Steinfeld","Period Drama, Drama, Western",United States,"Garson Studios, College of Santa Fe  1600 Saint Michaels Drive, Santa Fe, New Mexico, USA","Paramount Pictures, Skydance Media, Scott Rudin Productions",English,0.0,169.0,10.0,true grit,63.0
Laurence Olivier,1907.0,1907-05-22,"Dorking, Surrey, England",White,Unknown,Bisexual,1949.0,Best Actor,Hamlet,hamlet,tt0171359,Hamlet,https://www.imdb.com/title/tt0171359,2000.0,1h 52m,R,5.9,10000.0,2000000.0,2046433.0,1577287.0,62253.0,Michael Almereyda,"William Shakespeare, Michael Almereyda","Ethan Hawke, Kyle MacLachlan, Diane Venora","Psychological Drama, Tragic Romance, Drama, Romance, Thriller",United States,"Solomon R Guggenheim Museum  1071 Fifth Avenue, Manhattan, New York City, New York, USA",double A Films,English,0.0,2.0,0.0,hamlet,42.0
Fred Zinnemann,1907.0,1907-04-29,"Vienna, Austria",White,Jewish,Straight,1967.0,Best Director,A Man for All Seasons,a man for all seasons,tt0060665,A Man for All Seasons,https://www.imdb.com/title/tt0060665,1966.0,2h,G,7.7,38000.0,2000000.0,756.0,,,Fred Zinnemann,Robert Bolt,"Paul Scofield, Wendy Hiller, Robert Shaw","Costume Drama, Period Drama, Biography, Drama, History",United Kingdom,"Studley Priory, Horton Hill, HortoncumStudley, Oxfordshire, England, UK",Highland Films,"English, Latin, Spanish, French",0.0,9.0,0.0,a man for all seasons,60.0
Fred Zinnemann,1907.0,1907-04-29,"Vienna, Austria",White,Jewish,Straight,1954.0,Best Director,From Here to Eternity,from here to eternity,,,,,,,,,,,,,,,,,,,,,,,,,47.0
Katharine Hepburn,1907.0,1907-05-12,"Hartford, Ct",White,Atheist,Bisexual,1969.0,Best Actress,The Lion in Winter,the lion in winter,tt0063227,The Lion in Winter,https://www.imdb.com/title/tt0063227,1968.0,2h 14m,PG,7.9,35000.0,4000000.0,20139.0,18177.0,5339.0,Anthony Harvey,James Goldman,"Peter OToole, Katharine Hepburn, Anthony Hopkins","Period Drama, Biography, Drama, History","United Kingdom, United States","Abbaye de Montmajour, Arles, BouchesduRhne, France",Haworth Productions,"English, French, Latin",0.0,18.0,0.0,the lion in winter,62.0
Katharine Hepburn,1907.0,1907-05-12,"Hartford, Ct",White,Atheist,Bisexual,1982.0,Best Actress,On Golden Pond,on golden pond,tt0082846,On Golden Pond,https://www.imdb.com/title/tt0082846,1981.0,1h 49m,PG,7.6,36000.0,7500000.0,119285810.0,119285432.0,89213.0,Mark Rydell,Ernest Thompson,"Katharine Hepburn, Henry Fonda, Jane Fonda",Drama,United States,"Squam Lake, New Hampshire, USA","Incorporated Television Company ITC, IPC Films",English,0.0,24.0,0.0,on golden pond,75.0
Katharine Hepburn,1907.0,1907-05-12,"Hartford, Ct",White,Atheist,Bisexual,1968.0,Best Actress,Guess Who's Coming to Dinner,guess who's coming to dinner,tt0061735,Guess Who's Coming to Dinner,https://www.imdb.com/title/tt0061735,1967.0,1h 48m,Approved,7.8,50000.0,4000000.0,56666797.0,56666667.0,,Stanley Kramer,"William Rose, Max Morise","Spencer Tracy, Sidney Poitier, Katharine Hepburn","Comedy, Drama",United States,"Mels Drivein  5199 Mission Street, at Rolph Street, San Francisco, California, USA","Columbia Pictures, Stanley Kramer Productions","English, Latin",0.0,25.0,0.0,guess who's coming to dinner,61.0
Katharine Hepburn,1907.0,1907-05-12,"Hartford, Ct",White,Atheist,Bisexual,1934.0,Best Actress,Morning Glory,morning glory,tt0107604,Morning Glory,https://www.imdb.com/title/tt0107604,1993.0,1h 36m,PG-13,6.6,575.0,,28409.0,28409.0,,Steven Hilliard Stern,"Charles Jarrott, Deborah Raffin, LaVyrle Spencer","Christopher Reeve, Deborah Raffin, Lloyd Bochner","Legal Drama, Period Drama, Drama","United States, Canada","Vancouver, British Columbia, Canada","Dove Audio, Sharmhill Productions",English,0.0,0.0,0.0,morning glory,27.0
Rex Harrison,1908.0,1908-03-05,"Huyton, Lancashire, England",White,Unknown,Straight,1965.0,Best Actor,My Fair Lady,my fair lady,tt0058385,My Fair Lady,https://www.imdb.com/title/tt0058385,1964.0,2h 50m,G,7.7,104000.0,17000000.0,72684726.0,72560711.0,354764.0,George Cukor,"Alan Jay Lerner, George Bernard Shaw","Audrey Hepburn, Rex Harrison, Stanley Holloway","Classic Musical, Drama, Family, Musical, Romance",United States,"Stage 16, Warner Brothers Burbank Studios  4000 Warner Boulevard, Burbank, California, USA",Warner Bros,English,0.0,13.0,0.0,my fair lady,57.0
Anna Magnani,1908.0,1908-03-07,"Rome, Italy",White,Unknown,Straight,1956.0,Best Actress,The Rose Tattoo,the rose tattoo,,,,,,,,,,,,,,,,,,,,,,,,,48.0
Jimmy Stewart,1908.0,1908-05-20,"Indiana, Pa",White,Presbyterian,Straight,1941.0,Best Actor,The Philadelphia Story,the philadelphia story,,,,,,,,,,,,,,,,,,,,,,,,,33.0
John Mills,1908.0,1908-02-22,"Felixstowe, Suffolk, England",White,Unknown,Straight,1971.0,Best Supporting Actor,Ryan's Daughter,ryan's daughter,tt0066319,Ryan's Daughter,https://www.imdb.com/title/tt0066319,1970.0,3h 20m,R,7.4,11000.0,15000000.0,8768.0,,,David Lean,Robert Bolt,"Robert Mitchum, Trevor Howard, John Mills","Period Drama, Drama, Romance",United States,"Cliffs of Moher, County Clare, Ireland","MetroGoldwynMayer MGM, Faraway Productions",English,0.0,22.0,0.0,ryan's daughter,63.0
David Lean,1908.0,1908-03-25,"Croydon, Surrey, England",White,Unknown,Straight,1963.0,Best Director,Lawrence of Arabia,lawrence of arabia,tt0056172,Lawrence of Arabia,https://www.imdb.com/title/tt0056172,1962.0,3h 47m,PG,8.3,324000.0,15000000.0,45763719.0,45306425.0,20846.0,David Lean,"Robert Bolt, Michael Wilson","Peter OToole, Alec Guinness, Anthony Quinn","Adventure Epic, Desert Adventure, War Epic, Adventure, Biography, Drama, War","United Kingdom, United States","Wadi Rum, Jordan",Horizon Pictures II,"English, Arabic, Turkish",0.0,14.0,0.0,lawrence of arabia,55.0
David Lean,1908.0,1908-03-25,"Croydon, Surrey, England",White,Unknown,Straight,1958.0,Best Director,The Bridge on the River Kwai,the bridge on the river kwai,,,,,,,,,,,,,,,,,,,,,,,,,50.0
Bette Davis,1908.0,1908-04-05,"Lowell, Ma",White,Unknown,Straight,1939.0,Best Actress,Jezebel,jezebel,,,,,,,,,,,,,,,,,,,,,,,,,31.0
Bette Davis,1908.0,1908-04-05,"Lowell, Ma",White,Unknown,Straight,1936.0,Best Actress,Dangerous,dangerous,tt3876910,Dangerous,https://www.imdb.com/title/tt3876910,2021.0,1h 39m,R,5.2,10000.0,8000000.0,164231.0,,,David Hackl,Christopher Borrelli,"Scott Eastwood, Kevin Durand, Famke Janssen","Action, Thriller",United States,"Cleveland, Ohio, USA","Benaroya Pictures, Minds Eye Entertainment, Falconer Pictures",English,0.0,0.0,0.0,dangerous,28.0
David Niven,1909.0,1909-03-01,"London, England",White,Unknown,Straight,1959.0,Best Actor,Separate Tables,separate tables,,,,,,,,,,,,,,,,,,,,,,,,,50.0
Jessica Tandy,1909.0,1909-06-07,"London, England",White,Unknown,Straight,1990.0,Best Actress,Driving Miss Daisy,driving miss daisy,tt0097239,Driving Miss Daisy,https://www.imdb.com/title/tt0097239,1989.0,1h 39m,PG,7.3,120000.0,7500000.0,145793296.0,106593296.0,73745.0,Bruce Beresford,Alfred Uhry,"Morgan Freeman, Jessica Tandy, Dan Aykroyd","Comedy, Drama",United States,"822 Lullwater Road, Druid Hills, Atlanta, Georgia, USA","The Zanuck Company, Allied Filmmakers, Majestic Films International","English, Hebrew",0.0,24.0,0.0,driving miss daisy,81.0
Burl Ives,1909.0,1909-06-14,"Hunt City, Il",White,Unknown,Straight,1959.0,Best Supporting Actor,The Big Country,the big country,,,,,,,,,,,,,,,,,,,,,,,,,50.0
Jose Ferrer,1909.0,1909-01-08,"Santurce, Puerto Rico",White,Unknown,Straight,1951.0,Best Actor,Cyrano de Bergerac,cyrano de bergerac,tt0099334,Cyrano de Bergerac,https://www.imdb.com/title/tt0099334,1990.0,2h 17m,PG,7.5,26000.0,100000000.0,5822041.0,5820020.0,,JeanPaul Rappeneau,"Edmond Rostand, JeanPaul Rappeneau, JeanClaude Carrire","Grard Depardieu, Anne Brochet, Vincent Perez","Costume Drama, Period Drama, Comedy, Drama, History, Romance",France,"Budapest Studio, Budapest, Hungary","Hachette Premire, Camra One, Union Gnrale Cinmatographique UGC","French, Latin",0.0,29.0,0.0,cyrano de bergerac,42.0
Elia Kazan,1909.0,1909-09-07,"Istanbul, Turkey",White,Unknown,Straight,1955.0,Best Director,On the Waterfront,on the waterfront,,,,,,,,,,,,,,,,,,,,,,,,,46.0
Elia Kazan,1909.0,1909-09-07,"Istanbul, Turkey",White,Unknown,Straight,1948.0,Best Director,Gentleman's Agreement,gentleman's agreement,,,,,,,,,,,,,,,,,,,,,,,,,39.0
Joseph L. Mankiewicz,1909.0,1909-02-11,"Wilkes-Barre, Pa",White,Jewish,Straight,1950.0,Best Director,A Letter to Three Wives,a letter to three wives,,,,,,,,,,,,,,,,,,,,,,,,,41.0
Joseph L. Mankiewicz,1909.0,1909-02-11,"Wilkes-Barre, Pa",White,Jewish,Straight,1951.0,Best Director,All About Eve,all about eve,,,,,,,,,,,,,,,,,,,,,,,,,42.0
Van Heflin,1910.0,1910-12-13,"Walters, Ok",White,Unknown,Straight,1943.0,Best Supporting Actor,Johnny Eager,johnny eager,,,,,,,,,,,,,,,,,,,,,,,,,33.0
Claire Trevor,1910.0,1910-03-08,New York City,White,Unknown,Straight,1949.0,Best Supporting Actress,Key Largo,key largo,,,,,,,,,,,,,,,,,,,,,,,,,39.0
Luise Rainer,1910.0,1910-01-12,"Dusseldorf, Germany",White,Jewish,Straight,1937.0,Best Actress,The Great Ziegfeld,the great ziegfeld,,,,,,,,,,,,,,,,,,,,,,,,,27.0
Luise Rainer,1910.0,1910-01-12,"Dusseldorf, Germany",White,Jewish,Straight,1938.0,Best Actress,The Good Earth,the good earth,,,,,,,,,,,,,,,,,,,,,,,,,28.0
Broderick Crawford,1911.0,1911-12-09,"Philadelphia, Pa",White,Unknown,Straight,1950.0,Best Actor,All The King's Men,all the king's men,tt0405676,All the King's Men,https://www.imdb.com/title/tt0405676,2006.0,2h 8m,PG-13,6.1,26000.0,55000000.0,9451623.0,7221458.0,3672366.0,Steven Zaillian,"Steven Zaillian, Robert Penn Warren","Sean Penn, Jude Law, Kate Winslet","Political Drama, Drama, Thriller","Germany, United States","Louisiana State Capital, State Capitol Drive, Baton Rouge, Louisiana, USA","Columbia Pictures, Relativity Media, Phoenix Pictures",English,0.0,4.0,0.0,all the king's men,39.0
Ginger Rogers,1911.0,1911-07-16,"Independence, Mo",White,Christian Science,Straight,1941.0,Best Actress,Kitty Foyle,kitty foyle,,,,,,,,,,,,,,,,,,,,,,,,,30.0
Hugh Griffith,1912.0,1912-05-30,"Marian Glas, Anglesey, Wales",White,Unknown,Na,1960.0,Best Supporting Actor,Ben-Hur,ben-hur,tt2638144,Ben-Hur,https://www.imdb.com/title/tt2638144,2016.0,2h 3m,PG-13,5.7,48000.0,100000000.0,94061311.0,26410477.0,11203815.0,Timur Bekmambetov,"Keith R Clarke, John Ridley, Lew Wallace","Jack Huston, Toby Kebbell, Rodrigo Santoro","Action Epic, Epic, Romantic Epic, Sword  Sandal, Action, Adventure, Drama, Romance",United States,"Matera, Basilicata, Italy","Paramount Pictures, MetroGoldwynMayer MGM, LightWorkers Media","English, Persian, Greek, Arabic, Latin",0.0,3.0,0.0,ben-hur,48.0
Karl Malden,1912.0,1912-03-22,"Chicago, Il",White,Unknown,Straight,1952.0,Best Supporting Actor,A Streetcar Named Desire,a streetcar named desire,,,,,,,,,,,,,,,,,,,,,,,,,40.0
Wendy Hiller,1912.0,1912-08-15,"Bramhall, Cheshire, England",White,Unknown,Straight,1959.0,Best Supporting Actress,Separate Tables,separate tables,,,,,,,,,,,,,,,,,,,,,,,,,47.0
Gig Young,1913.0,1913-11-04,"St. Cloud, Mn",White,Unknown,Straight,1970.0,Best Supporting Actor,"They Shoot Horses, Don't They?","they shoot horses, don't they?",tt0065088,"They Shoot Horses, Don't They?",https://www.imdb.com/title/tt0065088,1969.0,2h 9m,M,7.8,22000.0,,,12600000.0,,Sydney Pollack,"Horace McCoy, James Poe, Robert E Thompson","Jane Fonda, Michael Sarrazin, Susannah York","Psychological Drama, Drama",United States,"Santa Monica Pier, Santa Monica, California, USA","ABC Pictures, Palomar Pictures I, Palomar Pictures International",English,0.0,25.0,0.0,"they shoot horses, don't they?",57.0
Burt Lancaster,1913.0,1913-11-02,New York City,White,Protestant,Straight,1961.0,Best Actor,Elmer Gantry,elmer gantry,tt0053793,Elmer Gantry,https://www.imdb.com/title/tt0053793,1960.0,2h 26m,Approved,7.7,13000.0,3000000.0,64.0,,,Richard Brooks,"Richard Brooks, Sinclair Lewis","Burt Lancaster, Jean Simmons, Arthur Kennedy",Drama,United States,"ColumbiaWarner Bros Ranch  411 North Hollywood Way, Burbank, California, USA",Elmer Gantry Productions,English,0.0,14.0,0.0,elmer gantry,48.0
Loretta Young,1913.0,1913-01-06,"Salt Lake City, Ut",White,Roman Catholic,Straight,1948.0,Best Actress,The Farmer's Daughter,the farmer's daughter,,,,,,,,,,,,,,,,,,,,,,,,,35.0
Vivien Leigh,1913.0,1913-11-05,"Darjeeling, India",White,Roman Catholic,Straight,1952.0,Best Actress,A Streetcar Named Desire,a streetcar named desire,,,,,,,,,,,,,,,,,,,,,,,,,39.0
Vivien Leigh,1913.0,1913-11-05,"Darjeeling, India",White,Roman Catholic,Straight,1940.0,Best Actress,Gone with the Wind,gone with the wind,,,,,,,,,,,,,,,,,,,,,,,,,27.0
Harold Russell,1914.0,1914-01-14,"North Sydney, Nova Scotia, Canada",White,Unknown,Straight,1947.0,Best Supporting Actor,The Best Years of Our Lives,the best years of our lives,,,,,,,,,,,,,,,,,,,,,,,,,33.0
Beatrice Straight,1914.0,1914-08-02,"Old Westbury, Ny",White,Unknown,Straight,1977.0,Best Supporting Actress,Network,network,tt0074958,Network,https://www.imdb.com/title/tt0074958,1976.0,2h 1m,R,8.1,175000.0,3800000.0,23701317.0,23689877.0,,Sidney Lumet,Paddy Chayefsky,"Faye Dunaway, William Holden, Peter Finch","Dark Comedy, Workplace Drama, Drama",United States,"CTV Toronto Studios  9 Channel Nine Court, Scarborough, Ontario, Canada",MetroGoldwynMayer MGM,English,0.0,27.0,0.0,network,63.0
Alec Guinness,1914.0,1914-04-02,"London, England",White,Roman Catholic,Bisexual,1958.0,Best Actor,The Bridge on the River Kwai,the bridge on the river kwai,,,,,,,,,,,,,,,,,,,,,,,,,44.0
Jo Van Fleet,1914.0,1914-12-30,"Oakland, Ca",White,Unknown,Straight,1956.0,Best Supporting Actress,East of Eden,east of eden,,,,,,,,,,,,,,,,,,,,,,,,,42.0
Robert Wise,1914.0,1914-09-10,"Winchester, In",White,Unknown,Straight,1966.0,Best Director,The Sound of Music,the sound of music,tt0059742,The Sound of Music,https://www.imdb.com/title/tt0059742,1965.0,2h 52m,G,8.1,271000.0,8200000.0,159484051.0,159287539.0,413497.0,Robert Wise,"Georg Hurdalek, Howard Lindsay, Russel Crouse","Julie Andrews, Christopher Plummer, Eleanor Parker","Classic Musical, Biography, Drama, Family, Musical, Romance",United States,"Felsenreitschule, Salzburg, Austria","Robert Wise Productions, Argyle Enterprises","English, German",0.0,13.0,0.0,the sound of music,52.0
Robert Wise,1914.0,1914-09-10,"Winchester, In",White,Unknown,Straight,1961.0,Best Director,West Side Story,west side story,tt3581652,West Side Story,https://www.imdb.com/title/tt3581652,2021.0,2h 36m,PG-13,7.1,99000.0,100000000.0,76016171.0,38530322.0,10574618.0,Steven Spielberg,"Tony Kushner, Arthur Laurents","Ansel Elgort, Rachel Zegler, Ariana DeBose","Crime, Drama, Musical, Romance","United States, Canada, United Kingdom","Paterson, New Jersey, USA","20th Century Studios, Amblin Entertainment, Amblin Partners","English, Spanish",0.0,301.0,0.0,west side story,47.0
Frank Sinatra,1915.0,1915-12-12,"Hoboken, Nj",White,Unknown,Straight,1954.0,Best Supporting Actor,From Here to Eternity,from here to eternity,,,,,,,,,,,,,,,,,,,,,,,,,39.0
Edmond O'Brien,1915.0,1915-09-10,New York City,White,Roman Catholic,Straight,1955.0,Best Supporting Actor,The Barefoot Contessa,the barefoot contessa,,,,,,,,,,,,,,,,,,,,,,,,,40.0
Anthony Quinn,1915.0,1915-04-21,"Chihuahua, Mexico",White,Unknown,Straight,1957.0,Best Supporting Actor,Lust for Life,lust for life,,,,,,,,,,,,,,,,,,,,,,,,,42.0
Anthony Quinn,1915.0,1915-04-21,"Chihuahua, Mexico",White,Unknown,Straight,1953.0,Best Supporting Actor,Viva Zapata!,viva zapata!,,,,,,,,,,,,,,,,,,,,,,,,,38.0
Ingrid Bergman,1915.0,1915-08-29,"Stockholm, Sweden",White,Unknown,Straight,1975.0,Best Supporting Actress,Murder on the Orient Express,murder on the orient express,tt0071877,Murder on the Orient Express,https://www.imdb.com/title/tt0071877,1974.0,2h 8m,PG,7.2,71000.0,1500000.0,27659517.0,27634716.0,,Sidney Lumet,"Agatha Christie, Paul Dehn, Anthony Shaffer","Albert Finney, Lauren Bacall, Ingrid Bergman","Suspense Mystery, Whodunnit, Crime, Drama, Mystery, Thriller",United Kingdom,"Istanbul, Turkey","EMI Film Distributors, GW Films Limited","English, French, German, Turkish, Italian, Swedish, Hungarian",0.0,17.0,0.0,murder on the orient express,60.0
Ingrid Bergman,1915.0,1915-08-29,"Stockholm, Sweden",White,Unknown,Straight,1957.0,Best Actress,Anastasia,anastasia,tt0118617,Anastasia,https://www.imdb.com/title/tt0118617,1997.0,1h 34m,G,7.1,140000.0,50000000.0,139804348.0,58406347.0,120541.0,"Don Bluth, Gary Goldman","Susan Gauthier, Bruce Graham, Bob Tzudiker","Meg Ryan, John Cusack, Christopher Lloyd","HandDrawn Animation, Adventure, Animation, Drama, Family, Fantasy, Musical, Mystery, Romance",United States,,"Twentieth Century Fox, Fox Animation Studios, Twentieth Century Fox Animation","English, Russian, French",0.0,23.0,2.0,anastasia,42.0
Ingrid Bergman,1915.0,1915-08-29,"Stockholm, Sweden",White,Unknown,Straight,1945.0,Best Actress,Gaslight,gaslight,,,,,,,,,,,,,,,,,,,,,,,,,30.0
Gregory Peck,1916.0,1916-04-05,"La Jolla, Ca",White,Roman Catholic,Straight,1963.0,Best Actor,To Kill a Mockingbird,to kill a mockingbird,tt0056592,To Kill a Mockingbird,https://www.imdb.com/title/tt0056592,1962.0,2h 9m,Approved,8.3,340000.0,2000000.0,599934.0,592237.0,357549.0,Robert Mulligan,"Harper Lee, Horton Foote","Gregory Peck, John Megna, Frank Overton","Legal Drama, Period Drama, Crime, Drama",United States,"Monroeville, Alabama, USA","PakulaMulligan, Brentwood Productions",English,0.0,16.0,0.0,to kill a mockingbird,47.0
Mercedes McCambridge,1916.0,1916-03-17,"Joliet, Il",White,Roman Catholic,Straight,1950.0,Best Supporting Actress,All the King's Men,all the king's men,tt0405676,All the King's Men,https://www.imdb.com/title/tt0405676,2006.0,2h 8m,PG-13,6.1,26000.0,55000000.0,9451623.0,7221458.0,3672366.0,Steven Zaillian,"Steven Zaillian, Robert Penn Warren","Sean Penn, Jude Law, Kate Winslet","Political Drama, Drama, Thriller","Germany, United States","Louisiana State Capital, State Capitol Drive, Baton Rouge, Louisiana, USA","Columbia Pictures, Relativity Media, Phoenix Pictures",English,0.0,4.0,0.0,all the king's men,34.0
Peter Finch,1916.0,1916-09-28,"South Kensington, London, England",White,Unknown,Straight,1977.0,Best Actor,Network,network,tt0074958,Network,https://www.imdb.com/title/tt0074958,1976.0,2h 1m,R,8.1,175000.0,3800000.0,23701317.0,23689877.0,,Sidney Lumet,Paddy Chayefsky,"Faye Dunaway, William Holden, Peter Finch","Dark Comedy, Workplace Drama, Drama",United States,"CTV Toronto Studios  9 Channel Nine Court, Scarborough, Ontario, Canada",MetroGoldwynMayer MGM,English,0.0,27.0,0.0,network,61.0
Olivia de Havilland,1916.0,1916-07-01,"Tokyo, Japan",White,Unknown,Straight,1947.0,Best Actress,To Each His Own,to each his own,,,,,,,,,,,,,,,,,,,,,,,,,31.0
Olivia de Havilland,1916.0,1916-07-01,"Tokyo, Japan",White,Unknown,Straight,1950.0,Best Actress,The Heiress,the heiress,,,,,,,,,,,,,,,,,,,,,,,,,34.0
Jane Wyman,1917.0,1917-01-05,"St. Joseph, Mo",White,Roman Catholic,Straight,1949.0,Best Actress,Johnny Belinda,johnny belinda,,,,,,,,,,,,,,,,,,,,,,,,,32.0
Celeste Holm,1917.0,1917-04-29,New York City,White,Unknown,Straight,1948.0,Best Supporting Actress,Gentleman's Agreement,gentleman's agreement,,,,,,,,,,,,,,,,,,,,,,,,,31.0
Ernest Borgnine,1917.0,1917-01-24,"Hamden, Ct",White,Unknown,Straight,1956.0,Best Actor,Marty,marty,,,,,,,,,,,,,,,,,,,,,,,,,39.0
Joan Fontaine,1917.0,1917-10-22,"Tokyo, Japan",White,Unknown,Straight,1940.0,Best Actress,Suspicion,suspicion,,,,,,,,,,,,,,,,,,,,,,,,,23.0
Art Carney,1918.0,1918-11-04,"Mount Vernon, Ny",White,Unknown,Straight,1975.0,Best Actor,Harry and Tonto,harry and tonto,tt0071598,Harry and Tonto,https://www.imdb.com/title/tt0071598,1974.0,1h 55m,R,7.3,64000.0,980000.0,,,,Paul Mazursky,"Paul Mazursky, Josh Greenfeld","Art Carney, Ellen Burstyn, Ren Enrquez","Road Trip, Adventure, Comedy, Drama, Romance",United States,"Geneva, Illinois, USA",Twentieth Century Fox,English,0.0,3.0,0.0,harry and tonto,57.0
Jerome Robbins,1918.0,1918-10-11,New York City,White,Jewish,Gay,1962.0,Best Director,West Side Story,west side story,tt3581652,West Side Story,https://www.imdb.com/title/tt3581652,2021.0,2h 36m,PG-13,7.1,99000.0,100000000.0,76016171.0,38530322.0,10574618.0,Steven Spielberg,"Tony Kushner, Arthur Laurents","Ansel Elgort, Rachel Zegler, Ariana DeBose","Crime, Drama, Musical, Romance","United States, Canada, United Kingdom","Paterson, New Jersey, USA","20th Century Studios, Amblin Entertainment, Amblin Partners","English, Spanish",0.0,301.0,0.0,west side story,44.0
Ben Johnson,1918.0,1918-06-13,"Shidler, Ok",White,Unknown,Straight,1972.0,Best Supporting Actor,The Last Picture Show,the last picture show,tt0067328,The Last Picture Show,https://www.imdb.com/title/tt0067328,1971.0,1h 58m,R,8.0,54000.0,1300000.0,29146255.0,29133000.0,,Peter Bogdanovich,"Larry McMurtry, Peter Bogdanovich","Timothy Bottoms, Jeff Bridges, Cybill Shepherd","ComingofAge, Teen Drama, Drama, Romance",United States,"605 South Ash Street, Archer City, Texas, USA","Columbia Pictures, BBS Productions, Last Picture Show Productions",English,0.0,22.0,0.0,the last picture show,54.0
Teresa Wright,1918.0,1918-10-27,New York City,White,Unknown,Straight,1943.0,Best Supporting Actress,Mrs. Miniver,mrs. miniver,,,,,,,,,,,,,,,,,,,,,,,,,25.0
Susan Hayward,1918.0,1918-06-30,"Brooklyn, Ny",White,Roman Catholic,Straight,1959.0,Best Actress,I Want To Live!,i want to live!,,,,,,,,,,,,,,,,,,,,,,,,,41.0
Lila Kedrova,1918.0,1918-10-09,"St. Petersburg, Russia",White,Unknown,Straight,1965.0,Best Supporting Actress,Zorba the Greek,zorba the greek,tt0057831,Zorba the Greek,https://www.imdb.com/title/tt0057831,1964.0,2h 22m,Not Rated,7.6,25000.0,783000.0,516.0,,,Michael Cacoyannis,"Nikos Kazantzakis, Michael Cacoyannis","Anthony Quinn, Alan Bates, Irene Papas","Comedy, Drama","United States, Greece","Chania, Crete, Greece",Twentieth Century Fox,"English, Greek",0.0,16.0,0.0,zorba the greek,47.0
William Holden,1918.0,1918-04-17,"O'fallon, Il",White,Unknown,Straight,1954.0,Best Actor,Stalag 17,stalag 17,,,,,,,,,,,,,,,,,,,,,,,,,36.0
Red Buttons,1919.0,1919-02-05,New York City,White,Jewish,Straight,1958.0,Best Supporting Actor,Sayonara,sayonara,,,,,,,,,,,,,,,,,,,,,,,,,39.0
Jack Palance,1919.0,1919-02-18,"Lattimer Mines, Pa",White,Unknown,Straight,1992.0,Best Supporting Actor,City Slickers,city slickers,tt0101587,City Slickers,https://www.imdb.com/title/tt0101587,1991.0,1h 53m,PG-13,6.8,65000.0,27000000.0,179033791.0,124033791.0,13032121.0,Ron Underwood,"Lowell Ganz, Babaloo Mandel","Billy Crystal, Jack Palance, Daniel Stern","Buddy Comedy, Contemporary Western, HighConcept Comedy, Comedy, Western",United States,"Ghost Ranch, Abiquiu, New Mexico, USA","Castle Rock Entertainment, Nelson Entertainment, Face Productions",English,0.0,7.0,0.0,city slickers,73.0
Eileen Heckart,1919.0,1919-03-29,"Columbus, Oh",White,Unknown,Straight,1973.0,Best Supporting Actress,Butterflies Are Free,butterflies are free,tt0068326,Butterflies Are Free,https://www.imdb.com/title/tt0068326,1972.0,1h 49m,PG,7.2,61000.0,,,250000.0,,Milton Katselas,Leonard Gershe,"Goldie Hawn, Edward Albert, Eileen Heckart","ComingofAge, Romantic Comedy, Screwball Comedy, Comedy, Drama, Music, Romance",United States,"1901 Union Street, San Francisco, California, USA",Frankovich Productions,English,0.0,7.0,0.0,butterflies are free,54.0
Martin Balsam,1919.0,1919-11-04,"Bronx, Ny",White,Unknown,Straight,1966.0,Best Supporting Actor,A Thousand Clowns,a thousand clowns,tt0059798,A Thousand Clowns,https://www.imdb.com/title/tt0059798,1965.0,1h 58m,Approved,7.3,38000.0,,,5232000.0,,Fred Coe,Herb Gardner,"Jason Robards, Barbara Harris, Martin Balsam","Comedy, Drama, Romance",United States,"Lincoln Center for the Performing Arts  Columbus Avenue  61st Street, Manhattan, New York City, New York, USA",Harrell,English,0.0,7.0,0.0,a thousand clowns,47.0
Jennifer Jones,1919.0,1919-03-02,"Tulsa, Ok",White,Roman Catholic,Straight,1944.0,Best Actress,The Song of Bernadette,the song of bernadette,,,,,,,,,,,,,,,,,,,,,,,,,25.0
Yul Brynner,1920.0,1920-07-11,"Vladivostok, Russia",White,Unknown,Straight,1957.0,Best Actor,The King and I,the king and i,tt0160429,The King and I,https://www.imdb.com/title/tt0160429,1999.0,1h 28m,G,4.4,44000.0,25000000.0,11993021.0,11993021.0,4007565.0,Richard Rich,"Oscar Hammerstein II, Arthur Rankin Jr, Peter Bakalian","Miranda Richardson, Martin Vidnovic, Christiane Noll","Animation, Family, Fantasy, Musical","United States, South Korea, India, Hong Kong, United Kingdom, Canada","Burbank, California, USA","Morgan Creek Entertainment, RankinBass Productions, Nest Family Entertainment",English,0.0,0.0,0.0,the king and i,37.0
Franklin J. Schaffner,1920.0,1920-05-30,"Tokyo, Japan",White,Unknown,Straight,1970.0,Best Director,Patton,patton,tt0066206,Patton,https://www.imdb.com/title/tt0066206,1970.0,2h 52m,PG,7.9,110000.0,12000000.0,61749765.0,61749765.0,,Franklin J Schaffner,"Francis Ford Coppola, Edmund H North, Ladislas Farago","George C Scott, Karl Malden, Stephen Young","War Epic, Biography, Drama, War",United States,"Cabo de Gata, Almera, Andaluca, Spain",Twentieth Century Fox,"English, German, French, Russian, Arabic, Italian",0.0,8.0,0.0,patton,50.0
Delbert Mann,1920.0,1920-01-30,"Lawrence, Ks",White,Presbyterian,Straight,1956.0,Best Director,Marty,marty,,,,,,,,,,,,,,,,,,,,,,,,,36.0
Walter Matthau,1920.0,1920-10-01,New York City,White,Jewish,Straight,1967.0,Best Supporting Actor,The Fortune Cookie,the fortune cookie,tt0060424,The Fortune Cookie,https://www.imdb.com/title/tt0060424,1966.0,2h 5m,Approved,7.2,16000.0,3705000.0,,,,Billy Wilder,"Billy Wilder, IAL Diamond","Jack Lemmon, Walter Matthau, Ron Rich","Buddy Comedy, Satire, Comedy, Romance",United States,"Cleveland, Ohio, USA","PhalanxJalem, The Mirisch Corporation",English,0.0,5.0,0.0,the fortune cookie,47.0
Shelley Winters,1920.0,1920-08-18,"St. Louis, Mo",White,Jewish,Straight,1960.0,Best Supporting Actress,The Diary of Anne Frank,the diary of anne frank,,,,,,,,,,,,,,,,,,,,,,,,,40.0
Shelley Winters,1920.0,1920-08-18,"St. Louis, Mo",White,Jewish,Straight,1966.0,Best Supporting Actress,A Patch of Blue,a patch of blue,tt0059573,A Patch of Blue,https://www.imdb.com/title/tt0059573,1965.0,1h 45m,Approved,8.0,98000.0,800000.0,56.0,,,Guy Green,"Elizabeth Kata, Guy Green","Sidney Poitier, Shelley Winters, Elizabeth Hartman","Drama, Romance",United States,"MacArthur Park, Los Angeles, California, USA","MetroGoldwynMayer MGM, Pandro S Berman Productions",English,0.0,15.0,0.0,a patch of blue,46.0
Judy Holliday,1921.0,1921-06-21,New York City,White,Unknown,Straight,1951.0,Best Actress,Born Yesterday,born yesterday,tt0106466,Born Yesterday,https://www.imdb.com/title/tt0106466,1993.0,1h 40m,PG,5.2,43000.0,,17952857.0,17952857.0,5911343.0,Luis Mandoki,"Garson Kanin, Douglas McGrath","Melanie Griffith, John Goodman, Don Johnson","Satire, Comedy, Romance",United States,"Los Angeles, California, USA","Hollywood Pictures, Touchwood Pacific Partners 1",English,0.0,0.0,0.0,born yesterday,30.0
George Roy Hill,1921.0,1921-12-20,"Minneapolis, Mn",White,Unknown,Straight,1973.0,Best Director,The Sting,the sting,tt0070735,The Sting,https://www.imdb.com/title/tt0070735,1973.0,2h 9m,PG,8.3,286000.0,5500000.0,156000000.0,156000000.0,,George Roy Hill,David S Ward,"Paul Newman, Robert Redford, Robert Shaw","Caper, Comedy, Crime, Drama",United States,"Union Station  Canal St  Jackson Blvd, Near West Side, Chicago, Illinois, USA","ZanuckBrown Productions, Universal Pictures",English,0.0,6.0,0.0,the sting,52.0
Simone Signoret,1921.0,1921-03-25,"Wiesbaden, Germany",White,Unknown,Straight,1960.0,Best Actress,Room at the Top,room at the top,,,,,,,,,,,,,,,,,,,,,,,,,39.0
Donna Reed,1921.0,1921-01-27,"Denison, Ia",White,Unknown,Straight,1954.0,Best Supporting Actress,From Here to Eternity,from here to eternity,,,,,,,,,,,,,,,,,,,,,,,,,33.0
Peter Ustinov,1921.0,1921-04-16,"London, England",White,Unknown,Straight,1961.0,Best Supporting Actor,Spartacus,spartacus,tt0177245,Spartacus,https://www.imdb.com/title/tt0177245,1977.0,1h 35m,,6.2,79.0,,,,,"Vadim Derbenyov, Yuri Grigorovich","Vadim Derbenyov, Yuri Grigorovich","Vladimir Vasilev, Natalia Bessmertnova, Maris Liepa",Musical,Soviet Union,,Mosfilm,Russian,0.0,0.0,0.0,spartacus,40.0
Peter Ustinov,1921.0,1921-04-16,"London, England",White,Unknown,Straight,1965.0,Best Supporting Actor,Topkapi,topkapi,tt0058672,Topkapi,https://www.imdb.com/title/tt0058672,1964.0,2h,Unrated,6.9,11000.0,,,7000000.0,,Jules Dassin,"Monja Danischewsky, Eric Ambler","Melina Mercouri, Peter Ustinov, Maximilian Schell","Caper, Adventure, Comedy, Crime, Thriller",United States,"Istanbul, Turkey",Filmways Pictures,"English, French, Turkish, German, Greek, Italian",0.0,4.0,0.0,topkapi,44.0
Paul Scofield,1922.0,1922-01-21,"Hurstpierpoint, West Sussex, England",White,Unknown,Straight,1967.0,Best Actor,A Man For All Seasons,a man for all seasons,tt0060665,A Man for All Seasons,https://www.imdb.com/title/tt0060665,1966.0,2h,G,7.7,38000.0,2000000.0,756.0,,,Fred Zinnemann,Robert Bolt,"Paul Scofield, Wendy Hiller, Robert Shaw","Costume Drama, Period Drama, Biography, Drama, History",United Kingdom,"Studley Priory, Horton Hill, HortoncumStudley, Oxfordshire, England, UK",Highland Films,"English, Latin, Spanish, French",0.0,9.0,0.0,a man for all seasons,45.0
Kim Hunter,1922.0,1922-11-12,"Detroit, Mi",White,Unknown,Straight,1952.0,Best Supporting Actress,A Streetcar Named Desire,a streetcar named desire,,,,,,,,,,,,,,,,,,,,,,,,,30.0
Jason Robards,1922.0,1922-07-26,"Chicago, Il",White,Unknown,Straight,1978.0,Best Supporting Actor,Julia,julia,tt0071754,Julia,https://www.imdb.com/title/tt0071754,1974.0,1h 23m,R,4.7,688.0,,,,,Sigi Rothemund,Wolfgang Bauer,"JeanClaude Bouillon, Sylvia Kristel, Teri Tordai",Drama,West Germany,"Arena di Verona, Verona, Veneto, Italy",LisaFilm,German,0.0,0.0,0.0,julia,56.0
Jason Robards,1922.0,1922-07-26,"Chicago, Il",White,Unknown,Straight,1977.0,Best Supporting Actor,All the President's Men,all the president's men,tt0074119,All the President's Men,https://www.imdb.com/title/tt0074119,1976.0,2h 18m,PG,7.9,129000.0,8500000.0,70601199.0,70600000.0,,Alan J Pakula,"Carl Bernstein, Bob Woodward, William Goldman","Dustin Hoffman, Robert Redford, Jack Warden","Conspiracy Thriller, Political Drama, Political Thriller, Workplace Drama, Drama, History, Thriller",United States,"Parking garage, ABC Entertainment Center  2040 Avenue of the Stars, Century City, Los Angeles, California, USA",Wildwood Enterprises,"English, Spanish",0.0,23.0,0.0,all the president's men,55.0
Richard Attenborough,1923.0,1923-08-29,"Cambridge, England",White,Unknown,Straight,1982.0,Best Director,Gandhi,gandhi,tt0083987,Gandhi,https://www.imdb.com/title/tt0083987,1982.0,3h 11m,PG,8.0,242000.0,22000000.0,52768419.0,52767889.0,131153.0,Richard Attenborough,John Briley,"Ben Kingsley, John Gielgud, Rohini Hattangadi","Docudrama, Epic, Period Drama, Biography, Drama, History","United Kingdom, India","Old Town Hall, Staines, Surrey, England, UK","International Film Investors, National Film Development Corporation of India NFDC, Goldcrest Films International","English, Hindi",0.0,23.0,0.0,gandhi,59.0
Charlton Heston,1923.0,1923-10-04,"Evanston, Il",White,Protestant,Straight,1960.0,Best Actor,Ben-hur,ben-hur,tt2638144,Ben-Hur,https://www.imdb.com/title/tt2638144,2016.0,2h 3m,PG-13,5.7,48000.0,100000000.0,94061311.0,26410477.0,11203815.0,Timur Bekmambetov,"Keith R Clarke, John Ridley, Lew Wallace","Jack Huston, Toby Kebbell, Rodrigo Santoro","Action Epic, Epic, Romantic Epic, Sword  Sandal, Action, Adventure, Drama, Romance",United States,"Matera, Basilicata, Italy","Paramount Pictures, MetroGoldwynMayer MGM, LightWorkers Media","English, Persian, Greek, Arabic, Latin",0.0,3.0,0.0,ben-hur,37.0
Gloria Grahame,1923.0,1923-11-28,"Los Angeles, Ca",White,Unknown,Straight,1953.0,Best Supporting Actress,The Bad and the Beautiful,the bad and the beautiful,,,,,,,,,,,,,,,,,,,,,,,,,30.0
Anne Baxter,1923.0,1923-05-07,"Michigan City, In",White,Unknown,Straight,1947.0,Best Supporting Actress,The Razor's Edge,the razor's edge,tt0087980,The Razor's Edge,https://www.imdb.com/title/tt0087980,1984.0,2h 8m,PG-13,6.4,61000.0,13000000.0,6551987.0,6551987.0,2411311.0,John Byrum,"W Somerset Maugham, John Byrum, Bill Murray","Bill Murray, Theresa Russell, Denholm Elliott","Drama, Romance, War","United States, United Kingdom","Ladakh, Jammu  Kashmir, India","Columbia Pictures, Colgems Productions Ltd, MarcucciCohenBenn Production",English,0.0,0.0,0.0,the razor's edge,24.0
Cliff Robertson,1923.0,1923-09-09,"La Jolla, Ca",White,Unknown,Straight,1969.0,Best Actor,Charly,charly,tt0330136,Charly,https://www.imdb.com/title/tt0330136,2002.0,1h 43m,PG,6.3,11000.0,950000.0,814666.0,814666.0,56900.0,Adam Thomas Anderegg,"Jack Weyland, Janine Whetten Gilbert","Jeremy Hoop, Randy King, Heather Beers","Comedy, Drama, Romance",United States,"Los Angeles, California, USA","Artists International Media, Cinergy Films, Focused Light Films",English,0.0,0.0,0.0,charly,46.0
Geraldine Page,1924.0,1924-11-22,"Kirksville, Mo",White,Unknown,Straight,1986.0,Best Actress,The Trip to Bountiful,the trip to bountiful,tt0090203,The Trip to Bountiful,https://www.imdb.com/title/tt0090203,1985.0,1h 48m,PG,7.4,55000.0,,7491903.0,7491903.0,8387.0,Peter Masterson,Horton Foote,"Geraldine Page, John Heard, Carlin Glynn",Drama,United States,"Five Points, Texas, USA","Bountiful Film Partners, FilmDallas Pictures",English,0.0,6.0,0.0,the trip to bountiful,62.0
Eva Marie Saint,1924.0,1924-07-04,"Newark, Nj",White,Unknown,Straight,1955.0,Best Supporting Actress,On the Waterfront,on the waterfront,,,,,,,,,,,,,,,,,,,,,,,,,31.0
Lee Marvin,1924.0,1924-02-19,New York City,White,Unknown,Straight,1966.0,Best Actor,Cat Ballou,cat ballou,tt0059017,Cat Ballou,https://www.imdb.com/title/tt0059017,1965.0,1h 37m,Approved,6.7,17000.0,,,20666667.0,,Elliot Silverstein,"Walter Newman, Frank Pierson, Roy Chanslor","Jane Fonda, Lee Marvin, Michael Callan",Western,United States,"Buckskin Joe Frontier Town  Railway  1193 Fremont County Road 3A, Canon City, Colorado, USA","Columbia Pictures, Harold Hecht Corporation",English,0.0,15.0,0.0,cat ballou,42.0
Marlon Brando,1924.0,1924-04-03,"Omaha, Ne",White,Deist,Bisexual,1973.0,Best Actor,The Godfather,the godfather,tt0068646,The Godfather,https://www.imdb.com/title/tt0068646,1972.0,2h 55m,R,9.2,21000000.0,6000000.0,250342198.0,136381073.0,302393.0,Francis Ford Coppola,"Mario Puzo, Francis Ford Coppola","Marlon Brando, Al Pacino, James Caan","Epic, Gangster, Tragedy, Crime, Drama",United States,"Forza dAgr, Messina, Sicily, Italy","Paramount Pictures, Albert S Ruddy Productions, Alfran Productions","English, Italian, Latin",0.0,31.0,0.0,the godfather,49.0
Marlon Brando,1924.0,1924-04-03,"Omaha, Ne",White,Deist,Bisexual,1955.0,Best Actor,On the Waterfront,on the waterfront,,,,,,,,,,,,,,,,,,,,,,,,,31.0
Paul Newman,1925.0,1925-01-26,"Shaker Heights, Oh",White,Jewish,Straight,1987.0,Best Actor,The Color of Money,the color of money,tt0090863,The Color of Money,https://www.imdb.com/title/tt0090863,1986.0,1h 59m,R,7.0,96000.0,14500000.0,52293982.0,52293982.0,6357877.0,Martin Scorsese,"Walter Tevis, Richard Price","Paul Newman, Tom Cruise, Mary Elizabeth Mastrantonio","Drama, Sport",United States,"Chicago, Illinois, USA","Touchstone Pictures, Silver Screen Partners II","English, Spanish",0.0,10.0,0.0,the color of money,62.0
Dorothy Malone,1925.0,1925-01-30,"Chicago, Il",White,Unknown,Straight,1957.0,Best Supporting Actress,Written on the Wind,written on the wind,,,,,,,,,,,,,,,,,,,,,,,,,32.0
Maureen Stapleton,1925.0,1925-06-21,"Troy, Ny",White,Roman Catholic,Straight,1982.0,Best Supporting Actress,Reds,reds,tt0082979,Reds,https://www.imdb.com/title/tt0082979,1981.0,3h 15m,PG,7.3,25000.0,32000000.0,40382788.0,40382659.0,2325029.0,Warren Beatty,"Warren Beatty, Trevor Griffiths","Warren Beatty, Diane Keaton, Edward Herrmann","Historical Epic, Romantic Epic, Biography, Drama, History, Romance",United States,"Senate Square, Helsinki, Finland","Barclays Mercantile Industrial Finance, JRS Productions","English, Russian, German, French, Finnish, Italian",0.0,37.0,0.0,reds,57.0
Rod Steiger,1925.0,1925-04-14,"Westhampton, Ny",White,Lutheran,Straight,1968.0,Best Actor,In the Heat of the Night,in the heat of the night,tt0061811,In the Heat of the Night,https://www.imdb.com/title/tt0061811,1967.0,1h 50m,Approved,7.9,86000.0,2000000.0,27669.0,,,Norman Jewison,"Stirling Silliphant, John Ball","Sidney Poitier, Rod Steiger, Warren Oates","Suspense Mystery, Drama, Mystery, Thriller",United States,"Sparta, Illinois, USA",The Mirisch Corporation,English,0.0,16.0,0.0,in the heat of the night,43.0
George Kennedy,1925.0,1925-02-18,New York City,White,Unknown,Straight,1968.0,Best Supporting Actor,Cool Hand Luke,cool hand luke,tt0061512,Cool Hand Luke,https://www.imdb.com/title/tt0061512,1967.0,2h 7m,Approved,8.0,193000.0,3200000.0,1767.0,,,Stuart Rosenberg,"Donn Pearce, Frank Pierson, Hal Dresner","Paul Newman, George Kennedy, Strother Martin","Prison Drama, Tragedy, Crime, Drama",United States,"Jacksonville, Florida, USA",Jalem Productions,English,0.0,11.0,0.0,cool hand luke,43.0
Jack Lemmon,1925.0,1925-02-08,"Newton, Ma",White,Roman Catholic,Straight,1974.0,Best Actor,Save the Tiger,save the tiger,tt0070640,Save the Tiger,https://www.imdb.com/title/tt0070640,1973.0,1h 40m,R,6.9,58000.0,1000000.0,,,,John G Avildsen,Steve Shagan,"Jack Lemmon, Jack Gilford, Laurie Heineman",Drama,United States,"Mayan Theater  1038 Hill Street, Downtown, Los Angeles, California, USA","Filmways Pictures, Cirandinha Productions, Jalem Productions","English, Spanish, French",0.0,5.0,0.0,save the tiger,49.0
Jack Lemmon,1925.0,1925-02-08,"Newton, Ma",White,Roman Catholic,Straight,1956.0,Best Supporting Actor,Mister Roberts,mister roberts,,,,,,,,,,,,,,,,,,,,,,,,,31.0
Cloris Leachman,1926.0,1926-04-30,"Des Moines, Ia",White,Unknown,Straight,1972.0,Best Supporting Actress,The Last Picture Show,the last picture show,tt0067328,The Last Picture Show,https://www.imdb.com/title/tt0067328,1971.0,1h 58m,R,8.0,54000.0,1300000.0,29146255.0,29133000.0,,Peter Bogdanovich,"Larry McMurtry, Peter Bogdanovich","Timothy Bottoms, Jeff Bridges, Cybill Shepherd","ComingofAge, Teen Drama, Drama, Romance",United States,"605 South Ash Street, Archer City, Texas, USA","Columbia Pictures, BBS Productions, Last Picture Show Productions",English,0.0,22.0,0.0,the last picture show,46.0
Patricia Neal,1926.0,1926-01-20,"Packard, Ky",White,Roman Catholic,Straight,1964.0,Best Actress,Hud,hud,tt0057163,Hud,https://www.imdb.com/title/tt0057163,1963.0,1h 52m,Approved,7.8,25000.0,2500000.0,,,,Martin Ritt,"Irving Ravetch, Harriet Frank Jr, Larry McMurtry","Paul Newman, Melvyn Douglas, Patricia Neal","Contemporary Western, Drama, Western",United States,"Goodnight, Texas, USA",SalemDover Productions,English,0.0,17.0,0.0,hud,38.0
John Schlesinger,1926.0,1926-02-16,"London, England",White,Unknown,Gay,1969.0,Best Director,Midnight Cowboy,midnight cowboy,tt0064665,Midnight Cowboy,https://www.imdb.com/title/tt0064665,1969.0,1h 53m,R,7.8,124000.0,3600000.0,44802577.0,44785053.0,,John Schlesinger,"Waldo Salt, James Leo Herlihy","Dustin Hoffman, Jon Voight, Sylvia Miles",Drama,United States,"Calvary Cemetery  4902 Laurel Hill Boulevard, Queens, New York City, New York, USA","Jerome Hellman Productions, Florin Productions","English, Italian",0.0,16.0,0.0,midnight cowboy,43.0
Estelle Parsons,1927.0,1927-11-20,"Marblehead, Ma",White,Unknown,Straight,1968.0,Best Supporting Actress,Bonnie and Clyde,bonnie and clyde,tt0061418,Bonnie and Clyde,https://www.imdb.com/title/tt0061418,1967.0,1h 51m,R,7.7,123000.0,2500000.0,1475.0,,,Arthur Penn,"David Newman, Robert Benton, Robert Towne","Warren Beatty, Faye Dunaway, Michael J Pollard","Caper, Tragedy, True Crime, Action, Biography, Crime, Drama",United States,"Red Oak, Texas, USA","Warner BrosSeven Arts, TatiraHiller Productions",English,0.0,29.0,0.0,bonnie and clyde,41.0
Sidney Poitier,1927.0,1927-02-20,"Miami, Fl",Black,Deist,Straight,1964.0,Best Actor,Lilies of the Field,lilies of the field,tt0057251,Lilies of the Field,https://www.imdb.com/title/tt0057251,1963.0,1h 34m,Approved,7.5,14000.0,240000.0,,,,Ralph Nelson,"James Poe, William E Barrett","Sidney Poitier, Lilia Skala, Lisa Mann",Drama,United States,"Tucson, Arizona, USA",Rainbow Productions,"English, German, Spanish",0.0,13.0,0.0,lilies of the field,37.0
Bob Fosse,1927.0,1927-06-23,"Chicago, Il",White,Unknown,Straight,1973.0,Best Director,Cabaret,cabaret,tt0068327,Cabaret,https://www.imdb.com/title/tt0068327,1972.0,2h 4m,PG,7.8,61000.0,4600000.0,77612.0,,,Bob Fosse,"Joe Masteroff, John Van Druten, Christopher Isherwood","Liza Minnelli, Michael York, Helmut Griem","Drama, Music, Musical, Romance",United States,"Berlin, Germany","Allied Artists Pictures, ABC Pictures, A Feuer and Martin Production","English, German, Hebrew, French",0.0,17.0,0.0,cabaret,46.0
Lee Grant,1927.0,1927-10-31,New York City,White,Jewish,Straight,1976.0,Best Supporting Actress,Shampoo,shampoo,tt0073692,Shampoo,https://www.imdb.com/title/tt0073692,1975.0,1h 50m,R,6.4,15000.0,4000000.0,49407734.0,49407734.0,,Hal Ashby,"Robert Towne, Warren Beatty","Warren Beatty, Julie Christie, Goldie Hawn","Satire, Comedy, Drama",United States,"2270 Bowmont Drive, Beverly Hills, California, USA","PerskyBright  Vista, Columbia Pictures, Rubeeker Films",English,0.0,11.0,0.0,shampoo,49.0
George C. Scott,1927.0,1927-10-18,"Wise, Va",White,Unknown,Straight,1971.0,Best Actor,Patton,patton,tt0066206,Patton,https://www.imdb.com/title/tt0066206,1970.0,2h 52m,PG,7.9,110000.0,12000000.0,61749765.0,61749765.0,,Franklin J Schaffner,"Francis Ford Coppola, Edmund H North, Ladislas Farago","George C Scott, Karl Malden, Stephen Young","War Epic, Biography, Drama, War",United States,"Cabo de Gata, Almera, Andaluca, Spain",Twentieth Century Fox,"English, German, French, Russian, Arabic, Italian",0.0,8.0,0.0,patton,44.0
James Coburn,1928.0,1928-08-31,"Laurel, Ne",White,Unknown,Straight,1999.0,Best Supporting Actor,Affliction,affliction,tt0118564,Affliction,https://www.imdb.com/title/tt0118564,1997.0,1h 54m,R,6.9,20000.0,6000000.0,6330054.0,6330054.0,63979.0,Paul Schrader,"Russell Banks, Paul Schrader","Nick Nolte, Sissy Spacek, James Coburn","Drama, Mystery, Thriller","United States, Canada, Japan","Huntingdon, Quebec, Canada","JVC Entertainment Networks, Kingsgate Films, Largo Entertainment",English,0.0,19.0,0.0,affliction,71.0
Tony Richardson,1928.0,1928-06-05,"Shipley, Yorkshire, England",White,Unknown,Bisexual,1964.0,Best Director,Tom Jones,tom jones,tt0057590,Tom Jones,https://www.imdb.com/title/tt0057590,1963.0,2h 9m,Not Rated,6.4,15000.0,1000000.0,,,,Tony Richardson,"John Osborne, Henry Fielding","Albert Finney, Susannah York, George Devine","Farce, Adventure, Comedy, History, Romance",United Kingdom,"Castle Street, Bridgwater, Somerset, England, UK",Woodfall Film Productions,English,0.0,20.0,0.0,tom jones,36.0
Grace Kelly,1929.0,1929-11-12,"Philadelphia, Pa",White,Roman Catholic,Straight,1955.0,Best Actress,The Country Girl,the country girl,,,,,,,,,,,,,,,,,,,,,,,,,26.0
Audrey Hepburn,1929.0,1929-05-04,"Brussels, Belgium",White,Christian Science,Straight,1954.0,Best Actress,Roman Holiday,roman holiday,,,,,,,,,,,,,,,,,,,,,,,,,25.0
Miyoshi Umeki,1929.0,1929-04-03,"Otaro, Hokkaido, Japan",Asian,Unknown,Straight,1958.0,Best Supporting Actress,Sayonara,sayonara,,,,,,,,,,,,,,,,,,,,,,,,,29.0
Christopher Plummer,1929.0,1929-12-13,"Toronto, Ontario, Canada",White,Unknown,Straight,2012.0,Best Supporting Actor,Beginning,beginning,,,,,,,,,,,,,,,,,,,,,,,,,83.0
Sean Connery,1930.0,1930-08-25,"Edinburgh, Scotland",White,Roman Catholic,Straight,1988.0,Best Supporting Actor,The Untouchables,the untouchables,tt0094226,The Untouchables,https://www.imdb.com/title/tt0094226,1987.0,1h 59m,R,7.8,339000.0,25000000.0,76272360.0,76270454.0,10023094.0,Brian De Palma,"David Mamet, Oscar Fraley, Eliot Ness","Kevin Costner, Sean Connery, Robert De Niro","Cop Drama, Gangster, Period Drama, Police Procedural, Crime, Drama, Thriller",United States,"Roosevelt University  430 S Michigan Avenue, Downtown, Chicago, Illinois, USA",Paramount Pictures,English,0.0,18.0,0.0,the untouchables,58.0
Maximilian Schell,1930.0,1930-12-08,"Vienna, Austria",White,Unknown,Straight,1962.0,Best Actor,Judgement at Nuremberg,judgement at nuremberg,,,,,,,,,,,,,,,,,,,,,,,,,32.0
Joanne Woodward,1930.0,1930-02-27,"Thomasville, Ga",White,Unknown,Straight,1958.0,Best Actress,The Three Faces of Eve,the three faces of eve,,,,,,,,,,,,,,,,,,,,,,,,,28.0
Gene Hackman,1930.0,1930-01-30,"San Bernardino, Ca",White,Unknown,Straight,1972.0,Best Actor,The French Connection,the french connection,tt0067116,The French Connection,https://www.imdb.com/title/tt0067116,1971.0,1h 44m,R,7.7,140000.0,1800000.0,51703274.0,51700000.0,,William Friedkin,"Ernest Tidyman, Robin Moore, William Friedkin","Gene Hackman, Roy Scheider, Fernando Rey","Cop Drama, Drug Crime, Police Procedural, Action, Crime, Drama, Thriller",United States,"Chteau dIf, Marseille, BouchesduRhne, France","Twentieth Century Fox, Philip DAntoni Productions, SchineMoore Productions","English, French, Italian",0.0,13.0,0.0,the french connection,42.0
Gene Hackman,1930.0,1930-01-30,"San Bernardino, Ca",White,Unknown,Straight,1993.0,Best Supporting Actor,Unforgiven,unforgiven,tt0105695,Unforgiven,https://www.imdb.com/title/tt0105695,1992.0,2h 10m,R,8.2,447000.0,14400000.0,159167799.0,101167799.0,15018007.0,Clint Eastwood,David Webb Peoples,"Clint Eastwood, Gene Hackman, Morgan Freeman","Period Drama, Tragedy, Drama, Western",United States,"Brooks, Alberta, Canada","Warner Bros, Malpaso Productions",English,0.0,47.0,0.0,unforgiven,63.0
Clint Eastwood,1930.0,1930-05-31,"San Francisco, Ca",White,Unknown,Straight,2005.0,Best Director,Million Dollar Baby,million dollar baby,tt0405159,Million Dollar Baby,https://www.imdb.com/title/tt0405159,2004.0,2h 12m,PG-13,8.1,737000.0,30000000.0,216763646.0,100492203.0,179953.0,Clint Eastwood,"Paul Haggis, FX Toole","Hilary Swank, Clint Eastwood, Morgan Freeman","Boxing, Tragedy, Drama, Sport",United States,"Hollywood Athletic Club  6525 W Sunset Blvd, Hollywood, Los Angeles, California, USA","Warner Bros, Lakeshore Entertainment, Malpaso Productions","English, Irish Gaelic, German",0.0,86.0,0.0,million dollar baby,75.0
Clint Eastwood,1930.0,1930-05-31,"San Francisco, Ca",White,Unknown,Straight,1993.0,Best Director,Unforgiven,unforgiven,tt0105695,Unforgiven,https://www.imdb.com/title/tt0105695,1992.0,2h 10m,R,8.2,447000.0,14400000.0,159167799.0,101167799.0,15018007.0,Clint Eastwood,David Webb Peoples,"Clint Eastwood, Gene Hackman, Morgan Freeman","Period Drama, Tragedy, Drama, Western",United States,"Brooks, Alberta, Canada","Warner Bros, Malpaso Productions",English,0.0,47.0,0.0,unforgiven,63.0
Mike Nichols,1931.0,1931-11-06,"Berlin, Germany",White,Jewish,Straight,1968.0,Best Director,The Graduate,the graduate,tt0061722,The Graduate,https://www.imdb.com/title/tt0061722,1967.0,1h 46m,PG,8.0,294000.0,3000000.0,105017024.0,104945305.0,37948.0,Mike Nichols,"Calder Willingham, Buck Henry, Charles Webb","Dustin Hoffman, Anne Bancroft, Katharine Ross","ComingofAge, Romantic Comedy, Satire, Comedy, Drama, Romance",United States,"607 North Palm Drive, Beverly Hills, California, USA",Lawrence Truman Productions,English,0.0,17.0,0.0,the graduate,37.0
Olympia Dukakis,1931.0,1931-06-20,"Lowell, Ma",White,Unknown,Straight,1988.0,Best Supporting Actress,Moonstruck,moonstruck,tt0093565,Moonstruck,https://www.imdb.com/title/tt0093565,1987.0,1h 42m,PG,7.2,72000.0,15000000.0,80644712.0,80640528.0,127599.0,Norman Jewison,John Patrick Shanley,"Cher, Nicolas Cage, Olympia Dukakis","Romantic Comedy, Comedy, Drama, Romance",United States,"19 Cranberry Street, Brooklyn, New York City, New York, USA","MetroGoldwynMayer MGM, Star Partners","English, Italian, Latin",0.0,19.0,0.0,moonstruck,57.0
Anne Bancroft,1931.0,1931-09-17,"Bronx, Ny",White,Roman Catholic,Straight,1963.0,Best Actress,The Miracle Worker,the miracle worker,tt0056241,The Miracle Worker,https://www.imdb.com/title/tt0056241,1962.0,1h 46m,Approved,8.1,21000.0,500000.0,4139.0,,,Arthur Penn,"William Gibson, Helen Keller","Anne Bancroft, Patty Duke, Victor Jory","Period Drama, Biography, Drama",United States,"Middletown, New Jersey, USA",Playfilm Productions,"English, American Sign Language",0.0,13.0,0.0,the miracle worker,32.0
Robert Duvall,1931.0,1931-01-05,"San Diego, Ca",White,Unknown,Straight,1984.0,Best Actor,Tender Mercies,tender mercies,tt0086423,Tender Mercies,https://www.imdb.com/title/tt0086423,1983.0,1h 32m,PG,7.3,12000.0,,8443124.0,8443124.0,46977.0,Bruce Beresford,Horton Foote,"Robert Duvall, Tess Harper, Betty Buckley","Drama, Music",United States,"Palmer, Texas, USA","Antron Media Production, EMI Films",English,0.0,14.0,0.0,tender mercies,53.0
Rita Moreno,1931.0,1931-12-11,"Humacao, Puerto Rico",White,Unknown,Straight,1962.0,Best Supporting Actress,West Side Story,west side story,tt3581652,West Side Story,https://www.imdb.com/title/tt3581652,2021.0,2h 36m,PG-13,7.1,99000.0,100000000.0,76016171.0,38530322.0,10574618.0,Steven Spielberg,"Tony Kushner, Arthur Laurents","Ansel Elgort, Rachel Zegler, Ariana DeBose","Crime, Drama, Musical, Romance","United States, Canada, United Kingdom","Paterson, New Jersey, USA","20th Century Studios, Amblin Entertainment, Amblin Partners","English, Spanish",0.0,301.0,0.0,west side story,31.0
Martin Landau,1931.0,1931-06-20,"Brooklyn, Ny",White,Jewish,Straight,1995.0,Best Supporting Actor,Ed Wood,ed wood,tt0109707,Ed Wood,https://www.imdb.com/title/tt0109707,1994.0,2h 7m,R,7.8,187000.0,18000000.0,5888045.0,5887457.0,71566.0,Tim Burton,"Rudolph Grey, Scott Alexander, Larry Karaszewski","Johnny Depp, Martin Landau, Sarah Jessica Parker","Dark Comedy, Docudrama, Period Drama, Quirky Comedy, Showbiz Drama, Biography, Comedy, Drama",United States,"Hollywood United Methodist Church  North Campus  4301 Cahuenga Blvd, Toluca Lake, Los Angeles, California, USA","Touchstone Pictures, Tim Burton Productions, DiNovi Pictures",English,0.0,33.0,0.0,ed wood,64.0
Ellen Burstyn,1932.0,1932-12-07,"Detroit, Mi",White,Sufism,Straight,1975.0,Best Actress,Alice Doesn't Live Here Anymore,alice doesn't live here anymore,tt0071115,Alice Doesn't Live Here Anymore,https://www.imdb.com/title/tt0071115,1974.0,1h 52m,PG,7.3,28000.0,1800000.0,18600211.0,18600000.0,,Martin Scorsese,Robert Getchell,"Ellen Burstyn, Kris Kristofferson, Mia Bendixsen","Drama, Romance",United States,"Chicago Music Store  130 E Congress Street, Tucson, Arizona, USA",Warner Bros,English,0.0,11.0,0.0,alice doesn't live here anymore,43.0
Robert Benton,1932.0,1932-09-29,"Waxahachie, Tx",White,Unknown,Straight,1980.0,Best Director,Kramer vs. Kramer,kramer vs. kramer,tt0079417,Kramer vs. Kramer,https://www.imdb.com/title/tt0079417,1979.0,1h 45m,PG,7.8,159000.0,8000000.0,106260000.0,106260000.0,,Robert Benton,"Avery Corman, Robert Benton, Meryl Streep","Dustin Hoffman, Meryl Streep, Jane Alexander",Drama,United States,"The Mall, Central Park, Manhattan, New York City, New York, USA","Columbia Pictures, Stanley Jaffe Production",English,0.0,26.0,0.0,kramer vs. kramer,48.0
Joel Grey,1932.0,1932-04-11,"Cleveland, Oh",White,Jewish,Gay,1973.0,Best Supporting Actor,Cabaret,cabaret,tt0068327,Cabaret,https://www.imdb.com/title/tt0068327,1972.0,2h 4m,PG,7.8,61000.0,4600000.0,77612.0,,,Bob Fosse,"Joe Masteroff, John Van Druten, Christopher Isherwood","Liza Minnelli, Michael York, Helmut Griem","Drama, Music, Musical, Romance",United States,"Berlin, Germany","Allied Artists Pictures, ABC Pictures, A Feuer and Martin Production","English, German, Hebrew, French",0.0,17.0,0.0,cabaret,41.0
Milos Forman,1932.0,1932-02-18,"CÌÁslav, Czechoslovakia",White,Unknown,Straight,1976.0,Best Director,One Flew over the Cuckoo's Nest,one flew over the cuckoo's nest,tt0073486,One Flew Over the Cuckoo's Nest,https://www.imdb.com/title/tt0073486,1975.0,2h 13m,R,8.7,11000000.0,3000000.0,109115366.0,108981275.0,,Milos Forman,"Lawrence Hauben, Bo Goldman, Ken Kesey","Jack Nicholson, Louise Fletcher, Michael Berryman","Medical Drama, Psychological Drama, Drama",United States,"Oregon State Mental Hospital  2600 Center Street NE, Salem, Oregon, USA","Fantasy Films, NV Zvaluw",English,0.0,15.0,0.0,one flew over the cuckoo's nest,44.0
Milos Forman,1932.0,1932-02-18,"CÌÁslav, Czechoslovakia",White,Unknown,Straight,1985.0,Best Director,Amadeus,amadeus,tt0086879,Amadeus,https://www.imdb.com/title/tt0086879,1984.0,2h 40m,PG,8.4,442000.0,18000000.0,52097536.0,51973029.0,505276.0,Milos Forman,"Peter Shaffer, Zdenek Mahler","F Murray Abraham, Tom Hulce, Elizabeth Berridge","Costume Drama, Epic, Period Drama, Tragedy, Biography, Drama, Music","United States, France","Barrandov Studios, Prague, Czech Republic","The Saul Zaentz Company, AMLF","English, Italian, Latin, German, French",0.0,15.0,0.0,amadeus,53.0
Elizabeth Taylor,1932.0,1932-02-27,"London, England",White,Jewish,Straight,1961.0,Best Actress,Butterfield 8,butterfield 8,tt0053622,BUtterfield 8,https://www.imdb.com/title/tt0053622,1960.0,1h 49m,Not Rated,6.3,76000.0,2800000.0,8722.0,,,Daniel Mann,"John OHara, Charles Schnee, John Michael Hayes","Elizabeth Taylor, Laurence Harvey, Eddie Fisher","Tragedy, Drama, Romance",United States,"Tappan Zee Bridge, Tarrytown, New York, USA",AftonLinebrook,English,0.0,6.0,0.0,butterfield 8,29.0
Elizabeth Taylor,1932.0,1932-02-27,"London, England",White,Jewish,Straight,1967.0,Best Actress,Who's Afraid of Virginia Woolf?,who's afraid of virginia woolf?,tt0061184,Who's Afraid of Virginia Woolf?,https://www.imdb.com/title/tt0061184,1966.0,2h 11m,Approved,8.0,82000.0,7500000.0,28006929.0,28000000.0,,Mike Nichols,"Ernest Lehman, Edward Albee","Elizabeth Taylor, Richard Burton, George Segal","Psychological Drama, Drama",United States,"Cambridge, Massachusetts, USA","Warner Bros, Chenault Productions","English, Latin, Spanish",0.0,26.0,0.0,who's afraid of virginia woolf?,35.0
Roman Polanski,1933.0,1933-08-18,"Paris, France",White,See Note,Straight,2003.0,Best Director,The Pianist,the pianist,tt0253474,The Pianist,https://www.imdb.com/title/tt0253474,2002.0,2h 30m,R,8.5,948000.0,35000000.0,120098945.0,32590750.0,111261.0,Roman Polanski,"Ronald Harwood, Wladyslaw Szpilman","Adrien Brody, Thomas Kretschmann, Frank Finlay","Docudrama, Epic, Period Drama, Tragedy, War Epic, Biography, Drama, Music, War","France, Poland, Germany, United Kingdom, United States","Instalatorw, Ochota, Warsaw, Mazowieckie, Poland","RP Productions, Heritage Films, Studio Babelsberg","English, German, Russian",0.0,74.0,0.0,the pianist,70.0
Michael Caine,1933.0,1933-03-14,"Bermondsey, England",White,Unknown,Straight,2000.0,Best Supporting Actor,The Cider House Rules,the cider house rules,tt0124315,The Cider House Rules,https://www.imdb.com/title/tt0124315,1999.0,2h 6m,PG-13,7.4,106000.0,24000000.0,88545092.0,57545092.0,110098.0,Lasse Hallstrm,John Irving,"Tobey Maguire, Charlize Theron, Michael Caine","Period Drama, Drama, Romance",United States,"Northampton, Massachusetts, USA","FilmColony, Miramax, Nina Saxon Film Design",English,0.0,30.0,0.0,the cider house rules,67.0
Michael Caine,1933.0,1933-03-14,"Bermondsey, England",White,Unknown,Straight,1987.0,Best Supporting Actor,Hannah and Her Sisters,hannah and her sisters,tt0091167,Hannah and Her Sisters,https://www.imdb.com/title/tt0091167,1986.0,1h 47m,PG-13,7.8,78000.0,6400000.0,40084041.0,40084041.0,1265826.0,Woody Allen,Woody Allen,"Mia Farrow, Dianne Wiest, Michael Caine","Comedy, Drama",United States,"Booth Theatre  222 West 45th Street, Manhattan, New York City, New York, USA","Orion Pictures, Jack Rollins  Charles H Joffe Productions",English,0.0,28.0,0.0,hannah and her sisters,54.0
Sydney Pollack,1934.0,1934-07-01,"Lafayette, In",White,Jewish,Straight,1986.0,Best Director,Out of Africa,out of africa,tt0089755,Out of Africa,https://www.imdb.com/title/tt0089755,1985.0,2h 41m,PG,7.1,88000.0,31000000.0,227514205.0,87071205.0,3637290.0,Sydney Pollack,"Karen Blixen, Judith Thurman, Errol Trzebinski","Meryl Streep, Robert Redford, Klaus Maria Brandauer","Period Drama, Romantic Epic, Biography, Drama, Romance",United States,"Shaba National Game Reserve, Kenya",Mirage Enterprises,"English, Swahili, Arabic",0.0,30.0,0.0,out of africa,52.0
Sophia Loren,1934.0,1934-09-20,"Pozzuoli, Italy",White,Roman Catholic,Straight,1962.0,Best Actress,Two Women,two women,tt0054749,Two Women,https://www.imdb.com/title/tt0054749,1960.0,1h 41m,Not Rated,7.7,13000.0,,14062.0,,,Vittorio De Sica,"Alberto Moravia, Cesare Zavattini, Vittorio De Sica","Sophia Loren, JeanPaul Belmondo, Raf Vallone","Drama, War","Italy, France","Chiesa San Francesco dAssisi, Fondi, Lazio, Italy","Compagnia Cinematografica Champion, Cocinor, Les Films Marceau","Italian, German, English",0.0,3.0,0.0,two women,28.0
Alan Arkin,1934.0,1934-03-26,"Brooklyn, Ny",White,Jewish,Straight,2007.0,Best Supporting Actor,Little Miss Sunshine,little miss sunshine,tt0449059,Little Miss Sunshine,https://www.imdb.com/title/tt0449059,2006.0,1h 41m,R,7.8,530000.0,8000000.0,101059571.0,59891098.0,370998.0,"Jonathan Dayton, Valerie Faris",Michael Arndt,"Steve Carell, Toni Collette, Greg Kinnear","ComingofAge, Dark Comedy, Road Trip, Comedy, Drama",United States,"Flagstaff, Arizona, USA","Searchlight Pictures, Big Beach, Bona Fide Productions",English,0.0,112.0,0.0,little miss sunshine,73.0
Shirley Jones,1934.0,1934-03-31,"Charleroi, Pa",White,Methodist,Straight,1961.0,Best Supporting Actress,Elmer Gantry,elmer gantry,tt0053793,Elmer Gantry,https://www.imdb.com/title/tt0053793,1960.0,2h 26m,Approved,7.7,13000.0,3000000.0,64.0,,,Richard Brooks,"Richard Brooks, Sinclair Lewis","Burt Lancaster, Jean Simmons, Arthur Kennedy",Drama,United States,"ColumbiaWarner Bros Ranch  411 North Hollywood Way, Burbank, California, USA",Elmer Gantry Productions,English,0.0,14.0,0.0,elmer gantry,27.0
Louise Fletcher,1934.0,1934-07-22,"Birmingham, Al",White,Unknown,Straight,1976.0,Best Actress,One Flew Over the Cuckoo's Nest,one flew over the cuckoo's nest,tt0073486,One Flew Over the Cuckoo's Nest,https://www.imdb.com/title/tt0073486,1975.0,2h 13m,R,8.7,11000000.0,3000000.0,109115366.0,108981275.0,,Milos Forman,"Lawrence Hauben, Bo Goldman, Ken Kesey","Jack Nicholson, Louise Fletcher, Michael Berryman","Medical Drama, Psychological Drama, Drama",United States,"Oregon State Mental Hospital  2600 Center Street NE, Salem, Oregon, USA","Fantasy Films, NV Zvaluw",English,0.0,15.0,0.0,one flew over the cuckoo's nest,42.0
Judi Dench,1934.0,1934-12-09,"York, North Yorkshire, England",White,Quaker,Straight,1999.0,Best Supporting Actress,Shakespeare in Love,shakespeare in love,tt0138097,Shakespeare in Love,https://www.imdb.com/title/tt0138097,1998.0,2h 3m,R,7.1,237000.0,25000000.0,289317794.0,100317794.0,224012.0,John Madden,"Marc Norman, Tom Stoppard","Gwyneth Paltrow, Joseph Fiennes, Geoffrey Rush","Period Drama, Tragic Romance, Comedy, Drama, History, Romance","United Kingdom, United States","Broughton Castle, Broughton, Banbury, Oxfordshire, England, UK","Universal Pictures, Miramax, The Bedford Falls Company",English,0.0,87.0,0.0,shakespeare in love,65.0
George Chakiris,1934.0,1934-09-16,"Norwood, Oh",White,Unknown,Gay,1962.0,Best Supporting Actor,West Side Story,west side story,tt3581652,West Side Story,https://www.imdb.com/title/tt3581652,2021.0,2h 36m,PG-13,7.1,99000.0,100000000.0,76016171.0,38530322.0,10574618.0,Steven Spielberg,"Tony Kushner, Arthur Laurents","Ansel Elgort, Rachel Zegler, Ariana DeBose","Crime, Drama, Musical, Romance","United States, Canada, United Kingdom","Paterson, New Jersey, USA","20th Century Studios, Amblin Entertainment, Amblin Partners","English, Spanish",0.0,301.0,0.0,west side story,28.0
Shirley MacLaine,1934.0,1934-04-24,"Richmond, Va",White,Baptist,Straight,1984.0,Best Actress,Terms of Endearment,terms of endearment,tt0086425,Terms of Endearment,https://www.imdb.com/title/tt0086425,1983.0,2h 12m,PG,7.4,67000.0,8000000.0,108423749.0,108423489.0,3498813.0,James L Brooks,"Larry McMurtry, James L Brooks","Shirley MacLaine, Debra Winger, Jack Nicholson","Comedy, Drama",United States,"3060 Locke Lane, Houston, Texas, USA",Paramount Pictures,English,0.0,22.0,0.0,terms of endearment,50.0
Maggie Smith,1934.0,1934-12-28,"Ilford, Essex, England",White,Unknown,Straight,1979.0,Best Supporting Actress,California Suite,california suite,tt0077289,California Suite,https://www.imdb.com/title/tt0077289,1978.0,1h 43m,PG,6.2,86000.0,,,29000000.0,,Herbert Ross,Neil Simon,"Jane Fonda, Alan Alda, Maggie Smith","Farce, Comedy, Drama, Romance",United States,"21932 Pacific Coast Highway, Malibu, California, USA","Columbia Pictures, Rastar Films, Major Studio Partners",English,0.0,10.0,0.0,california suite,45.0
Maggie Smith,1934.0,1934-12-28,"Ilford, Essex, England",White,Unknown,Straight,1970.0,Best Actress,The Prime of Miss Jean Brodie,the prime of miss jean brodie,tt0064840,The Prime of Miss Jean Brodie,https://www.imdb.com/title/tt0064840,1969.0,1h 56m,M/PG,7.6,11000.0,2760000.0,599.0,,,Ronald Neame,"Muriel Spark, Jay Presson Allen","Maggie Smith, Gordon Jackson, Robert Stephens","ComingofAge, Period Drama, Teen Drama, Comedy, Drama, Romance",United Kingdom,"The Edinburgh Academy, Henderson Row, Edinburgh, Scotland, UK",Twentieth CenturyFox Productions,"English, Latin, French, Italian",0.0,10.0,0.0,the prime of miss jean brodie,36.0
William Friedkin,1935.0,1935-08-29,"Chicago, Il",White,Jewish,Straight,1972.0,Best Director,The French Connection,the french connection,tt0067116,The French Connection,https://www.imdb.com/title/tt0067116,1971.0,1h 44m,R,7.7,140000.0,1800000.0,51703274.0,51700000.0,,William Friedkin,"Ernest Tidyman, Robin Moore, William Friedkin","Gene Hackman, Roy Scheider, Fernando Rey","Cop Drama, Drug Crime, Police Procedural, Action, Crime, Drama, Thriller",United States,"Chteau dIf, Marseille, BouchesduRhne, France","Twentieth Century Fox, Philip DAntoni Productions, SchineMoore Productions","English, French, Italian",0.0,13.0,0.0,the french connection,37.0
John G. Avildsen,1935.0,1935-12-21,"Oak Park, Il",White,Unknown,Straight,1976.0,Best Director,Rocky,rocky,tt0075148,Rocky,https://www.imdb.com/title/tt0075148,1976.0,2h,PG,8.1,649000.0,960000.0,117253184.0,117235147.0,,John G Avildsen,Sylvester Stallone,"Sylvester Stallone, Talia Shire, Burt Young","Boxing, Drama, Sport",United States,"1818 East Tusculum Street, Kensington, North Philadelphia, Pennsylvania, USA",ChartoffWinkler Productions,"English, Spanish, Italian",0.0,23.0,0.0,rocky,41.0
Woody Allen,1935.0,1935-12-01,"Brooklyn, Ny",White,Jewish,Straight,1978.0,Best Director,Annie Hall,annie hall,tt0075686,Annie Hall,https://www.imdb.com/title/tt0075686,1977.0,1h 33m,PG,7.9,282000.0,4000000.0,38289445.0,38251425.0,,Woody Allen,"Woody Allen, Marshall Brickman","Woody Allen, Diane Keaton, Tony Roberts","Romantic Comedy, Comedy, Romance",United States,"Beekman Cinema  1254 2nd Avenue, Manhattan, New York City, New York, USA","Jack Rollins  Charles H Joffe Productions, RollinsJoffe Productions","English, German",0.0,9.0,0.0,annie hall,43.0
Julie Andrews,1935.0,1935-10-01,"Walton-on-Thames, Surrey, England",White,Unknown,Straight,1965.0,Best Actress,Mary Poppins,mary poppins,tt0058331,Mary Poppins,https://www.imdb.com/title/tt0058331,1964.0,2h 19m,G,7.8,191000.0,6000000.0,103125597.0,102272727.0,,Robert Stevenson,"Bill Walsh, Don DaGradi, PL Travers","Julie Andrews, Dick Van Dyke, David Tomlinson","Classic Musical, Comedy, Family, Fantasy, Musical",United States,"Walt Disney Studios, 500 South Buena Vista Street, Burbank, California, USA",Walt Disney Productions,English,0.0,17.0,0.0,mary poppins,30.0
Robert Redford,1936.0,1936-08-18,"Santa Monica, Ca",White,Unknown,Straight,1980.0,Best Director,Ordinary People,ordinary people,tt0081283,Ordinary People,https://www.imdb.com/title/tt0081283,1980.0,2h 4m,R,7.7,58000.0,6000000.0,54766923.0,54766923.0,170335.0,Robert Redford,"Judith Guest, Alvin Sargent, Nancy Dowd","Donald Sutherland, Mary Tyler Moore, Judd Hirsch","Psychological Drama, Drama",United States,"Lake Forest High School  1285 N McKinley Road, Lake Forest, Illinois, USA","Paramount Pictures, Wildwood Enterprises",English,0.0,14.0,0.0,ordinary people,44.0
"Lou Gossett, Jr.",1936.0,1936-05-27,"Brooklyn, Ny",Black,Unknown,Straight,1983.0,Best Supporting Actor,An Officer and a Gentleman,an officer and a gentleman,tt0084434,An Officer and a Gentleman,https://www.imdb.com/title/tt0084434,1982.0,2h 4m,R,7.1,64000.0,7500000.0,129795890.0,129795554.0,3304679.0,Taylor Hackford,Douglas Day Stewart,"Richard Gere, Debra Winger, David Keith","FeelGood Romance, Drama, Romance",United States,"The Tides Inn  1807 Water Street, Port Townsend, Washington, USA","Lorimar Film Entertainment, Paramount Pictures","English, Filipino",0.0,15.0,0.0,an officer and a gentleman,47.0
Glenda Jackson,1936.0,1936-05-09,"Birkenhead, Cheshire, England",White,Unknown,Straight,1971.0,Best Actress,Women in Love,women in love,tt0066579,Women in Love,https://www.imdb.com/title/tt0066579,1969.0,2h 11m,R,7.1,89000.0,1600000.0,2098.0,,,Ken Russell,"DH Lawrence, Larry Kramer","Alan Bates, Oliver Reed, Glenda Jackson","Dark Comedy, Period Drama, Drama, Romance",United Kingdom,"Elvaston Castle Country Park, Derby, Derbyshire, England, UK",Brandywine Productions,"English, German",0.0,18.0,0.0,women in love,35.0
Glenda Jackson,1936.0,1936-05-09,"Birkenhead, Cheshire, England",White,Unknown,Straight,1974.0,Best Actress,A Touch of Class,a touch of class,tt0070819,A Touch of Class,https://www.imdb.com/title/tt0070819,1973.0,1h 46m,PG,6.5,37000.0,,,18312000.0,,Melvin Frank,"Melvin Frank, Jack Rose, Marvin Frank","George Segal, Glenda Jackson, Paul Sorvino","Comedy, Romance",United Kingdom,"Heathrow Airport, The Compass Centre, Nelson Road, Hounslow, Greater London, England, UK","Brut Productions, Gordon Film Productions, Joseph E Levine Productions","English, Spanish",0.0,10.0,0.0,a touch of class,38.0
Anthony Hopkins,1937.0,1937-12-31,"Port Talbot, Wales",White,Unknown,Straight,1992.0,Best Actor,Silence of the Lambs,silence of the lambs,,,,,,,,,,,,,,,,,,,,,,,,,55.0
Vanessa Redgrave,1937.0,1937-01-30,"London, England",White,Unknown,Straight,1978.0,Best Supporting Actress,Julia,julia,tt0071754,Julia,https://www.imdb.com/title/tt0071754,1974.0,1h 23m,R,4.7,688.0,,,,,Sigi Rothemund,Wolfgang Bauer,"JeanClaude Bouillon, Sylvia Kristel, Teri Tordai",Drama,West Germany,"Arena di Verona, Verona, Veneto, Italy",LisaFilm,German,0.0,0.0,0.0,julia,41.0
Morgan Freeman,1937.0,1937-06-01,"Memphis, Tn",Black,Unknown,Straight,2005.0,Best Supporting Actor,Million Dollar Baby,million dollar baby,tt0405159,Million Dollar Baby,https://www.imdb.com/title/tt0405159,2004.0,2h 12m,PG-13,8.1,737000.0,30000000.0,216763646.0,100492203.0,179953.0,Clint Eastwood,"Paul Haggis, FX Toole","Hilary Swank, Clint Eastwood, Morgan Freeman","Boxing, Tragedy, Drama, Sport",United States,"Hollywood Athletic Club  6525 W Sunset Blvd, Hollywood, Los Angeles, California, USA","Warner Bros, Lakeshore Entertainment, Malpaso Productions","English, Irish Gaelic, German",0.0,86.0,0.0,million dollar baby,68.0
Sandy Dennis,1937.0,1937-04-27,"Hastings, Ne",White,Unknown,Bisexual,1967.0,Best Supporting Actress,Who's Afraid of Virginia Woolf?,who's afraid of virginia woolf?,tt0061184,Who's Afraid of Virginia Woolf?,https://www.imdb.com/title/tt0061184,1966.0,2h 11m,Approved,8.0,82000.0,7500000.0,28006929.0,28000000.0,,Mike Nichols,"Ernest Lehman, Edward Albee","Elizabeth Taylor, Richard Burton, George Segal","Psychological Drama, Drama",United States,"Cambridge, Massachusetts, USA","Warner Bros, Chenault Productions","English, Latin, Spanish",0.0,26.0,0.0,who's afraid of virginia woolf?,30.0
Warren Beatty,1937.0,1937-03-30,"Richmond, Va",White,Baptist,Straight,1981.0,Best Director,Reds,reds,tt0082979,Reds,https://www.imdb.com/title/tt0082979,1981.0,3h 15m,PG,7.3,25000.0,32000000.0,40382788.0,40382659.0,2325029.0,Warren Beatty,"Warren Beatty, Trevor Griffiths","Warren Beatty, Diane Keaton, Edward Herrmann","Historical Epic, Romantic Epic, Biography, Drama, History, Romance",United States,"Senate Square, Helsinki, Finland","Barclays Mercantile Industrial Finance, JRS Productions","English, Russian, German, French, Finnish, Italian",0.0,37.0,0.0,reds,44.0
Jane Fonda,1937.0,1937-12-21,New York City,White,Born-Again Christian,Straight,1979.0,Best Actress,Coming Home,coming home,tt0077362,Coming Home,https://www.imdb.com/title/tt0077362,1978.0,2h 7m,R,7.3,15000.0,3000000.0,32653905.0,32653905.0,,Hal Ashby,"Waldo Salt, Robert C Jones, Nancy Dowd","Jane Fonda, Jon Voight, Bruce Dern","Drama, Romance, War",United States,"Manhattan Beach, California, USA","Jerome Hellman Productions, Jayne Productions Inc",English,0.0,16.0,0.0,coming home,42.0
Jane Fonda,1937.0,1937-12-21,New York City,White,Born-Again Christian,Straight,1972.0,Best Actress,Klute,klute,tt0067309,Klute,https://www.imdb.com/title/tt0067309,1971.0,1h 54m,R,7.1,31000.0,2500000.0,34741.0,,,Alan J Pakula,"Andy Lewis, David E Lewis","Jane Fonda, Donald Sutherland, Charles Cioffi","Psychological Thriller, Whodunnit, Crime, Mystery, Thriller",United States,"New York City, New York, USA","Warner Bros, Gus Productions",English,0.0,5.0,0.0,klute,35.0
Dustin Hoffman,1937.0,1937-08-08,"Los Angeles, Ca",White,Jewish,Straight,1989.0,Best Actor,Rainman,rainman,,,,,,,,,,,,,,,,,,,,,,,,,52.0
Dustin Hoffman,1937.0,1937-08-08,"Los Angeles, Ca",White,Jewish,Straight,1980.0,Best Actor,Kramer vs. Kramer,kramer vs. kramer,tt0079417,Kramer vs. Kramer,https://www.imdb.com/title/tt0079417,1979.0,1h 45m,PG,7.8,159000.0,8000000.0,106260000.0,106260000.0,,Robert Benton,"Avery Corman, Robert Benton, Meryl Streep","Dustin Hoffman, Meryl Streep, Jane Alexander",Drama,United States,"The Mall, Central Park, Manhattan, New York City, New York, USA","Columbia Pictures, Stanley Jaffe Production",English,0.0,26.0,0.0,kramer vs. kramer,43.0
Jack Nicholson,1937.0,1937-04-22,New York City,White,Atheist,Straight,1997.0,Best Actor,As Good as It Gets,as good as it gets,tt0119822,As Good as It Gets,https://www.imdb.com/title/tt0119822,1997.0,2h 19m,PG-13,7.7,325000.0,50000000.0,314178011.0,148478011.0,12606928.0,James L Brooks,"Mark Andrus, James L Brooks","Jack Nicholson, Helen Hunt, Greg Kinnear","Romantic Comedy, Comedy, Drama, Romance",United States,"Khourys Restaurant  110 N Marina Drive, Long Beach, California, USA","TriStar Pictures, Gracie Films",English,0.0,54.0,0.0,as good as it gets,60.0
Jack Nicholson,1937.0,1937-04-22,New York City,White,Atheist,Straight,1976.0,Best Actor,One Flew Over the Cuckoo's Nest,one flew over the cuckoo's nest,tt0073486,One Flew Over the Cuckoo's Nest,https://www.imdb.com/title/tt0073486,1975.0,2h 13m,R,8.7,11000000.0,3000000.0,109115366.0,108981275.0,,Milos Forman,"Lawrence Hauben, Bo Goldman, Ken Kesey","Jack Nicholson, Louise Fletcher, Michael Berryman","Medical Drama, Psychological Drama, Drama",United States,"Oregon State Mental Hospital  2600 Center Street NE, Salem, Oregon, USA","Fantasy Films, NV Zvaluw",English,0.0,15.0,0.0,one flew over the cuckoo's nest,39.0
Jack Nicholson,1937.0,1937-04-22,New York City,White,Atheist,Straight,1984.0,Best Supporting Actor,Terms of Endearment,terms of endearment,tt0086425,Terms of Endearment,https://www.imdb.com/title/tt0086425,1983.0,2h 12m,PG,7.4,67000.0,8000000.0,108423749.0,108423489.0,3498813.0,James L Brooks,"Larry McMurtry, James L Brooks","Shirley MacLaine, Debra Winger, Jack Nicholson","Comedy, Drama",United States,"3060 Locke Lane, Houston, Texas, USA",Paramount Pictures,English,0.0,22.0,0.0,terms of endearment,47.0
Jon Voight,1938.0,1938-12-29,"Yonkers, Ny",White,Roman Catholic,Straight,1979.0,Best Actor,Coming Home,coming home,tt0077362,Coming Home,https://www.imdb.com/title/tt0077362,1978.0,2h 7m,R,7.3,15000.0,3000000.0,32653905.0,32653905.0,,Hal Ashby,"Waldo Salt, Robert C Jones, Nancy Dowd","Jane Fonda, Jon Voight, Bruce Dern","Drama, Romance, War",United States,"Manhattan Beach, California, USA","Jerome Hellman Productions, Jayne Productions Inc",English,0.0,16.0,0.0,coming home,41.0
Francis Ford Coppola,1939.0,1939-04-07,"Detroit, Mi",White,Unknown,Straight,1975.0,Best Director,The Godfather Part II,the godfather part ii,tt0071562,The Godfather Part II,https://www.imdb.com/title/tt0071562,1974.0,3h 22m,R,9.0,14000000.0,13000000.0,47964222.0,47834595.0,171417.0,Francis Ford Coppola,"Francis Ford Coppola, Mario Puzo","Al Pacino, Robert De Niro, Robert Duvall","Epic, Gangster, Tragedy, Crime, Drama",United States,"Kaiser Estate  4000 W Lake Blvd, Homewood, Lake Tahoe, California, USA","Paramount Pictures, The Coppola Company, American Zoetrope","English, Italian, Spanish, Latin, Sicilian",0.0,21.0,0.0,the godfather part ii,36.0
Michael Cimino,1939.0,1939-02-03,New York City,White,Unknown,Straight,1979.0,Best Director,The Deer Hunter,the deer hunter,tt0077416,The Deer Hunter,https://www.imdb.com/title/tt0077416,1978.0,3h 3m,R,8.1,371000.0,15000000.0,49080126.0,48979328.0,,Michael Cimino,"Michael Cimino, Deric Washburn, Louis Garfinkle","Robert De Niro, Christopher Walken, John Cazale","Epic, War Epic, Drama, War","United States, United Kingdom","St Theodosius Russian Orthodox Church  733 Starkweather Avenue, Cleveland, Ohio, USA",EMI Films,"English, Vietnamese, French, Russian, Cantonese",0.0,27.0,0.0,the deer hunter,40.0
F. Murray Abraham,1939.0,1939-10-24,"Pittsburgh, Pa",White,Unknown,Straight,1985.0,Best Actor,Amadeus,amadeus,tt0086879,Amadeus,https://www.imdb.com/title/tt0086879,1984.0,2h 40m,PG,8.4,442000.0,18000000.0,52097536.0,51973029.0,505276.0,Milos Forman,"Peter Shaffer, Zdenek Mahler","F Murray Abraham, Tom Hulce, Elizabeth Berridge","Costume Drama, Epic, Period Drama, Tragedy, Biography, Drama, Music","United States, France","Barrandov Studios, Prague, Czech Republic","The Saul Zaentz Company, AMLF","English, Italian, Latin, German, French",0.0,15.0,0.0,amadeus,46.0
Al Pacino,1940.0,1940-04-25,"East Harlem, New York City",White,Roman Catholic,Straight,1993.0,Best Actor,Scent of a Woman,scent of a woman,tt0072037,Scent of a Woman,https://www.imdb.com/title/tt0072037,1974.0,1h 43m,R,7.5,54000.0,,41998.0,,,Dino Risi,"Giovanni Arpino, Ruggero Maccari, Dino Risi","Vittorio Gassman, Alessandro Momo, Agostina Belli","Dark Comedy, Comedy, Drama",Italy,"Rome, Lazio, Italy",Dean Film,Italian,0.0,6.0,2.0,scent of a woman,53.0
James L. Brooks,1940.0,1940-05-09,"North Bergen, Nj",White,Unknown,Straight,1983.0,Best Director,Terms of Endearment,terms of endearment,tt0086425,Terms of Endearment,https://www.imdb.com/title/tt0086425,1983.0,2h 12m,PG,7.4,67000.0,8000000.0,108423749.0,108423489.0,3498813.0,James L Brooks,"Larry McMurtry, James L Brooks","Shirley MacLaine, Debra Winger, Jack Nicholson","Comedy, Drama",United States,"3060 Locke Lane, Houston, Texas, USA",Paramount Pictures,English,0.0,22.0,0.0,terms of endearment,43.0
Haing S. Ngor,1940.0,1940-03-22,"Samrong Young, Cambodia",Asian,Buddhist,Straight,1985.0,Best Supporting Actor,The Killing Fields,the killing fields,tt0087553,The Killing Fields,https://www.imdb.com/title/tt0087553,1984.0,2h 21m,R,7.8,61000.0,14400000.0,34700291.0,34700291.0,32181.0,Roland Joff,Bruce Robinson,"Sam Waterston, Haing S Ngor, John Malkovich","Biography, Drama, History, War",United Kingdom,"Phuket, Thailand","Goldcrest Films International, International Film Investors, Enigma Productions","English, French, Central Khmer, Russian",0.0,24.0,0.0,the killing fields,45.0
Bernardo Bertolucci,1941.0,1941-03-16,"Parma, Emilia-Romagna, Italy",White,Unknown,Straight,1988.0,Best Director,The Last Emperor,the last emperor,tt0093389,The Last Emperor,https://www.imdb.com/title/tt0093389,1987.0,2h 43m,PG-13,7.7,114000.0,23000000.0,43994979.0,43984230.0,149460.0,Bernardo Bertolucci,"Enzo Ungari, Mark Peploe, Bernardo Bertolucci","John Lone, Joan Chen, Peter OToole","Docudrama, Historical Epic, Period Drama, Biography, Drama, History","China, Italy, United Kingdom, France","Forbidden City, Dongcheng District, Beijing, China","Yanco Films Limited, TAO Film, Recorded Picture Company RPC","English, Mandarin, Japanese, French",0.0,20.0,0.0,the last emperor,47.0
Julie Christie,1941.0,1941-04-14,"Chabua, Assam, India",White,Unknown,Straight,1966.0,Best Actress,Darling,darling,tt0059084,Darling,https://www.imdb.com/title/tt0059084,1965.0,2h 8m,TV-MA,7.0,81000.0,400000.0,214.0,,,John Schlesinger,"Frederic Raphael, John Schlesinger, Joseph Janni","Julie Christie, Dirk Bogarde, Laurence Harvey","Drama, Romance",United Kingdom,"Rome, Lazio, Italy","Joseph Janni Production, Vic Films Productions, Appia Films Ltd",English,0.0,8.0,0.0,darling,25.0
Faye Dunaway,1941.0,1941-01-14,"Bascom, Fl",White,Roman Catholic,Straight,1977.0,Best Actress,Network,network,tt0074958,Network,https://www.imdb.com/title/tt0074958,1976.0,2h 1m,R,8.1,175000.0,3800000.0,23701317.0,23689877.0,,Sidney Lumet,Paddy Chayefsky,"Faye Dunaway, William Holden, Peter Finch","Dark Comedy, Workplace Drama, Drama",United States,"CTV Toronto Studios  9 Channel Nine Court, Scarborough, Ontario, Canada",MetroGoldwynMayer MGM,English,0.0,27.0,0.0,network,36.0
Barbra Streisand,1942.0,1942-04-24,"Brooklyn, Ny",White,Jewish,Straight,1969.0,Best Actress,Funny Girl,funny girl,tt0062994,Funny Girl,https://www.imdb.com/title/tt0062994,1968.0,2h 31m,G,7.4,26000.0,14100000.0,52225786.0,52223306.0,65560.0,William Wyler,Isobel Lennart,"Barbra Streisand, Omar Sharif, Kay Medford","Classic Musical, Slapstick, Biography, Comedy, Drama, Musical, Romance",United States,"Jersey Central Railway Station, Jersey City, New Jersey, USA","Columbia Pictures, Rastar Productions",English,0.0,16.0,0.0,funny girl,27.0
Martin Scorsese,1942.0,1942-11-17,"Flushing, Ny",White,Roman Catholic,Straight,2007.0,Best Director,The Departed,the departed,tt0407887,The Departed,https://www.imdb.com/title/tt0407887,2006.0,2h 31m,R,8.5,15000000.0,90000000.0,291481358.0,132399394.0,26887467.0,Martin Scorsese,"William Monahan, Alan Mak, Felix Chong","Leonardo DiCaprio, Matt Damon, Jack Nicholson","Cop Drama, Epic, Gangster, Crime, Drama, Thriller","United States, Hong Kong","SUNY Maritime College, Bronx, New York City, New York, USA","Warner Bros, Plan B Entertainment, Initial Entertainment Group IEG","English, Cantonese",0.0,141.0,0.0,the departed,65.0
Barry Levinson,1942.0,1942-04-06,"Baltimore, Md",White,Jewish,Straight,1989.0,Best Director,Rain Man,rain man,tt0095953,Rain Man,https://www.imdb.com/title/tt0095953,1988.0,2h 13m,R,8.0,557000.0,25000000.0,354825435.0,172825435.0,7005719.0,Barry Levinson,"Barry Morrow, Ron Bass","Dustin Hoffman, Tom Cruise, Valeria Golino","Road Trip, Drama",United States,"Santa Ana Regional Transportation Center  1000 E Santa Ana Boulevard, Santa Ana, California, USA","United Artists, The GuberPeters Company, Star Partners II Ltd","English, Italian",0.0,26.0,0.0,rain man,47.0
Ben Kingsley,1943.0,1943-12-31,"Scarborough, Yorkshire, England",White,Quaker,Straight,1983.0,Best Actor,Gandhi,gandhi,tt0083987,Gandhi,https://www.imdb.com/title/tt0083987,1982.0,3h 11m,PG,8.0,242000.0,22000000.0,52768419.0,52767889.0,131153.0,Richard Attenborough,John Briley,"Ben Kingsley, John Gielgud, Rohini Hattangadi","Docudrama, Epic, Period Drama, Biography, Drama, History","United Kingdom, India","Old Town Hall, Staines, Surrey, England, UK","International Film Investors, National Film Development Corporation of India NFDC, Goldcrest Films International","English, Hindi",0.0,23.0,0.0,gandhi,40.0
Joe Pesci,1943.0,1943-02-09,"Newark, Nj",White,Unknown,Straight,1991.0,Best Supporting Actor,Good Fellas,good fellas,,,,,,,,,,,,,,,,,,,,,,,,,48.0
Christopher Walken,1943.0,1943-03-31,"Astoria, Ny",White,Unknown,Straight,1979.0,Best Supporting Actor,The Deer Hunter,the deer hunter,tt0077416,The Deer Hunter,https://www.imdb.com/title/tt0077416,1978.0,3h 3m,R,8.1,371000.0,15000000.0,49080126.0,48979328.0,,Michael Cimino,"Michael Cimino, Deric Washburn, Louis Garfinkle","Robert De Niro, Christopher Walken, John Cazale","Epic, War Epic, Drama, War","United States, United Kingdom","St Theodosius Russian Orthodox Church  733 Starkweather Avenue, Cleveland, Ohio, USA",EMI Films,"English, Vietnamese, French, Russian, Cantonese",0.0,27.0,0.0,the deer hunter,36.0
Robert De Niro,1943.0,1943-08-17,New York City,White,Roman Catholic,Straight,1975.0,Best Supporting Actor,The Godfather Part II,the godfather part ii,tt0071562,The Godfather Part II,https://www.imdb.com/title/tt0071562,1974.0,3h 22m,R,9.0,14000000.0,13000000.0,47964222.0,47834595.0,171417.0,Francis Ford Coppola,"Francis Ford Coppola, Mario Puzo","Al Pacino, Robert De Niro, Robert Duvall","Epic, Gangster, Tragedy, Crime, Drama",United States,"Kaiser Estate  4000 W Lake Blvd, Homewood, Lake Tahoe, California, USA","Paramount Pictures, The Coppola Company, American Zoetrope","English, Italian, Spanish, Latin, Sicilian",0.0,21.0,0.0,the godfather part ii,32.0
Robert De Niro,1943.0,1943-08-17,New York City,White,Roman Catholic,Straight,1981.0,Best Actor,Raging Bull,raging bull,tt0081398,Raging Bull,https://www.imdb.com/title/tt0081398,1980.0,2h 9m,R,8.1,390000.0,18000000.0,23405883.0,23383987.0,128590.0,Martin Scorsese,"Jake LaMotta, Joseph Carter, Peter Savage","Robert De Niro, Cathy Moriarty, Joe Pesci","Boxing, Docudrama, Biography, Drama, Sport",United States,"Hells Kitchen, Manhattan, New York City, New York, USA",ChartoffWinkler Productions,English,0.0,28.0,0.0,raging bull,38.0
Jonathan Demme,1944.0,1944-02-22,"Baldwin, Ny",White,Unknown,Straight,1992.0,Best Director,The Silence of the Lambs,the silence of the lambs,tt0102926,The Silence of the Lambs,https://www.imdb.com/title/tt0102926,1991.0,1h 58m,R,8.6,16000000.0,19000000.0,272742922.0,130742922.0,13766814.0,Jonathan Demme,"Thomas Harris, Ted Tally","Jodie Foster, Anthony Hopkins, Scott Glenn","Police Procedural, Psychological Drama, Psychological Thriller, Serial Killer, Crime, Drama, Thriller",United States,"Bimini Airport, South Bimini Island, Bimini Islands, Bahamas","Strong HeartDemme Production, Orion Pictures","English, Latin",0.0,50.0,0.0,the silence of the lambs,48.0
Michael Douglas,1944.0,1944-09-25,"New Brunswick, Nj",White,Jewish,Straight,1988.0,Best Actor,Wall Street,wall street,tt0094291,Wall Street,https://www.imdb.com/title/tt0094291,1987.0,2h 6m,R,7.3,168000.0,15000000.0,43848069.0,43848069.0,4104611.0,Oliver Stone,"Stanley Weiser, Oliver Stone","Charlie Sheen, Michael Douglas, Tamara Tunie","Workplace Drama, Crime, Drama, Financial Drama",United States,"60 W 75th St, New York City, New York, USA","Twentieth Century Fox, Amercent Films, American Entertainment Partners LP",English,0.0,4.0,0.0,wall street,44.0
Helen Mirren,1945.0,1945-07-26,"Chiswick, London, England",White,Unknown,Straight,2007.0,Best Actress,The Queen,the queen,tt0436697,The Queen,https://www.imdb.com/title/tt0436697,2006.0,1h 43m,PG-13,7.3,117000.0,9800000.0,124925340.0,56441711.0,122014.0,Stephen Frears,Peter Morgan,"Helen Mirren, Michael Sheen, James Cromwell","Docudrama, Political Drama, Biography, Drama","United Kingdom, United States, France, Italy","Waddesdon Manor, Waddesdon, Buckinghamshire, England, UK","Path Pictures International, Path, Granada Film Productions","English, German, French",0.0,97.0,0.0,the queen,62.0
Brenda Fricker,1945.0,1945-02-17,"Dublin, Ireland",White,Unknown,Straight,1990.0,Best Supporting Actress,My Left Foot,my left foot,tt0097937,My Left Foot,https://www.imdb.com/title/tt0097937,1989.0,1h 43m,R,7.8,82000.0,600000.0,14743391.0,14743391.0,41165.0,Jim Sheridan,"Shane Connaughton, Jim Sheridan, Christy Brown","Daniel DayLewis, Brenda Fricker, Alison Whelan","Biography, Drama","Ireland, United Kingdom","Ardmore Studios, Herbert Road, Bray, County Wicklow, Ireland","Ferndale Films, Granada Television, Hells Kitchen Films",English,0.0,20.0,0.0,my left foot,45.0
Goldie Hawn,1945.0,1945-11-21,"Silver Spring, Md",White,Buddhist,Straight,1970.0,Best Supporting Actress,Cactus Flower,cactus flower,tt0064117,Cactus Flower,https://www.imdb.com/title/tt0064117,1969.0,1h 44m,M,7.2,12000.0,3000000.0,,,,Gene Saks,"Abe Burrows, Pierre Barillet, JeanPierre Grdy","Walter Matthau, Ingrid Bergman, Goldie Hawn","Comedy, Romance",United States,"252 W 11th Street, Manhattan, New York City, New York, USA",Frankovich Productions,English,0.0,6.0,0.0,cactus flower,25.0
Linda Hunt,1945.0,1945-04-02,"Morristown, Nj",White,Unknown,Na,1984.0,Best Supporting Actress,The Year of Living Dangerously,the year of living dangerously,tt0086617,The Year of Living Dangerously,https://www.imdb.com/title/tt0086617,1982.0,1h 55m,PG,7.1,24000.0,13000000.0,10278575.0,10278575.0,35000.0,Peter Weir,"David Williamson, Peter Weir, CJ Koch","Mel Gibson, Sigourney Weaver, Linda Hunt","Drama, Romance, War","Australia, United States",Philippines,"MetroGoldwynMayer MGM, Freddie Fields Productions, McElroy  McElroy","English, Tagalog, Filipino, Indonesian",0.0,14.0,0.0,the year of living dangerously,39.0
Tommy Lee Jones,1946.0,1946-09-15,"San Saba, Tx",White,Unknown,Straight,1994.0,Best Supporting Actor,The Fugitive,the fugitive,tt0106977,The Fugitive,https://www.imdb.com/title/tt0106977,1993.0,2h 10m,PG-13,7.8,328000.0,44000000.0,368875760.0,183875760.0,23758855.0,Andrew Davis,"Jeb Stuart, David Twohy, Roy Huggins","Harrison Ford, Tommy Lee Jones, Sela Ward","Conspiracy Thriller, Action, Crime, Drama, Mystery, Thriller",United States,"Bryson City, North Carolina, USA","Warner Bros, Kopelson Entertainment","English, Polish, Spanish",0.0,37.0,0.0,the fugitive,48.0
Susan Sarandon,1946.0,1946-10-04,"Queens, Ny",White,Roman Catholic,Straight,1996.0,Best Actress,Dead Man Walking,dead man walking,tt0112818,Dead Man Walking,https://www.imdb.com/title/tt0112818,1995.0,2h 2m,R,7.5,104000.0,11000000.0,39363635.0,39363635.0,118266.0,Tim Robbins,"Helen Prejean, Tim Robbins","Susan Sarandon, Sean Penn, Robert Prosky","Legal Drama, Serial Killer, True Crime, Crime, Drama","United Kingdom, United States","Angola, Louisiana, USA","Havoc, Polygram Filmed Entertainment, Working Title Films",English,0.0,25.0,0.0,dead man walking,50.0
Patty Duke,1946.0,1946-12-14,"Elmhurst, Ny",White,Roman Catholic,Straight,1963.0,Best Supporting Actress,The Miracle Worker,the miracle worker,tt0056241,The Miracle Worker,https://www.imdb.com/title/tt0056241,1962.0,1h 46m,Approved,8.1,21000.0,500000.0,4139.0,,,Arthur Penn,"William Gibson, Helen Keller","Anne Bancroft, Patty Duke, Victor Jory","Period Drama, Biography, Drama",United States,"Middletown, New Jersey, USA",Playfilm Productions,"English, American Sign Language",0.0,13.0,0.0,the miracle worker,17.0
Oliver Stone,1946.0,1946-09-15,New York City,White,Atheist,Straight,1990.0,Best Director,Born on the Fourth of July,born on the fourth of july,tt0096969,Born on the Fourth of July,https://www.imdb.com/title/tt0096969,1989.0,2h 25m,R,7.2,119000.0,14000000.0,161001698.0,70001698.0,172021.0,Oliver Stone,"Ron Kovic, Oliver Stone","Tom Cruise, Bryan Larkin, Raymond J Barry","Docudrama, Epic, Biography, Drama, War",United States,Philippines,Ixtlan,"English, Spanish",0.0,26.0,0.0,born on the fourth of july,44.0
Diane Keaton,1946.0,1946-01-05,"Los Angeles, Ca",White,Atheist,Straight,1978.0,Best Actress,Annie Hall,annie hall,tt0075686,Annie Hall,https://www.imdb.com/title/tt0075686,1977.0,1h 33m,PG,7.9,282000.0,4000000.0,38289445.0,38251425.0,,Woody Allen,"Woody Allen, Marshall Brickman","Woody Allen, Diane Keaton, Tony Roberts","Romantic Comedy, Comedy, Romance",United States,"Beekman Cinema  1254 2nd Avenue, Manhattan, New York City, New York, USA","Jack Rollins  Charles H Joffe Productions, RollinsJoffe Productions","English, German",0.0,9.0,0.0,annie hall,32.0
Cher,1946.0,1946-05-20,"El Centro, Ca",White,Unknown,Bisexual,1988.0,Best Actress,Moonstruck,moonstruck,tt0093565,Moonstruck,https://www.imdb.com/title/tt0093565,1987.0,1h 42m,PG,7.2,72000.0,15000000.0,80644712.0,80640528.0,127599.0,Norman Jewison,John Patrick Shanley,"Cher, Nicolas Cage, Olympia Dukakis","Romantic Comedy, Comedy, Drama, Romance",United States,"19 Cranberry Street, Brooklyn, New York City, New York, USA","MetroGoldwynMayer MGM, Star Partners","English, Italian, Latin",0.0,19.0,0.0,moonstruck,42.0
Liza Minnelli,1946.0,1946-03-12,"Los Angeles, Ca",White,Unknown,Na,1973.0,Best Actress,Cabaret,cabaret,tt0068327,Cabaret,https://www.imdb.com/title/tt0068327,1972.0,2h 4m,PG,7.8,61000.0,4600000.0,77612.0,,,Bob Fosse,"Joe Masteroff, John Van Druten, Christopher Isherwood","Liza Minnelli, Michael York, Helmut Griem","Drama, Music, Musical, Romance",United States,"Berlin, Germany","Allied Artists Pictures, ABC Pictures, A Feuer and Martin Production","English, German, Hebrew, French",0.0,17.0,0.0,cabaret,27.0
Sally Field,1946.0,1946-11-06,"Pasadena, Ca",White,Unknown,Straight,1980.0,Best Actress,Norma Rae,norma rae,tt0079638,Norma Rae,https://www.imdb.com/title/tt0079638,1979.0,1h 54m,PG,7.3,13000.0,,22228000.0,22228000.0,262778.0,Martin Ritt,"Irving Ravetch, Harriet Frank Jr","Sally Field, Beau Bridges, Ron Leibman","Workplace Drama, Drama",United States,"Opelika, Alabama, USA",Twentieth Century Fox,English,0.0,6.0,0.0,norma rae,34.0
Sally Field,1946.0,1946-11-06,"Pasadena, Ca",White,Unknown,Straight,1985.0,Best Actress,Places in the Heart,places in the heart,tt0087921,Places in the Heart,https://www.imdb.com/title/tt0087921,1984.0,1h 51m,PG,7.4,14000.0,,34901614.0,34901614.0,274279.0,Robert Benton,Robert Benton,"Sally Field, Lindsay Crouse, Ed Harris",Drama,United States,"Waxahachie, Texas, USA","Delphi II Productions, TriStar Pictures",English,0.0,14.0,0.0,places in the heart,39.0
Steven Spielberg,1946.0,1946-12-18,"Cincinnati, Oh",White,Jewish,Straight,1999.0,Best Director,Saving Private Ryan,saving private ryan,tt0120815,Saving Private Ryan,https://www.imdb.com/title/tt0120815,1998.0,2h 49m,R,8.6,15000000.0,70000000.0,482352390.0,217049603.0,30576104.0,Steven Spielberg,Robert Rodat,"Tom Hanks, Matt Damon, Tom Sizemore","Epic, Period Drama, War Epic, Drama, War",United States,"Curracloe Beach, Ballinesker, County Wexford, Ireland","Dreamworks Pictures, Paramount Pictures, Amblin Entertainment","English, French, German, Czech",0.0,75.0,0.0,saving private ryan,53.0
Steven Spielberg,1946.0,1946-12-18,"Cincinnati, Oh",White,Jewish,Straight,1994.0,Best Director,Schindler's List,schindler's list,tt0108052,Schindler's List,https://www.imdb.com/title/tt0108052,1993.0,3h 15m,R,9.0,15000000.0,22000000.0,322161245.0,96898818.0,656636.0,Steven Spielberg,"Thomas Keneally, Steven Zaillian","Liam Neeson, Ralph Fiennes, Ben Kingsley","Docudrama, Epic, Historical Epic, Period Drama, Prison Drama, Tragedy, Biography, Drama, History",United States,"AuschwitzBirkenau Concentration Camp, Oswiecim, Malopolskie, Poland","Universal Pictures, Amblin Entertainment","English, Hebrew, German, Polish, Latin",0.0,49.0,0.0,schindler's list,48.0
Kevin Kline,1947.0,1947-10-24,"St. Louis, Mo",White,Roman Catholic,Straight,1989.0,Best Supporting Actor,A Fish Called Wanda,a fish called wanda,tt0095159,A Fish Called Wanda,https://www.imdb.com/title/tt0095159,1988.0,1h 48m,R,7.5,157000.0,7500000.0,62493712.0,62493712.0,115418.0,"Charles Crichton, John Cleese","John Cleese, Charles Crichton","John Cleese, Jamie Lee Curtis, Kevin Kline","Caper, Dark Comedy, Screwball Comedy, Slapstick, Comedy, Crime","United Kingdom, United States","Bermondsey, London, Greater London, England, UK","Prominent Features, Star Partners Limited Partnership","English, Italian, Russian, French",0.0,22.0,0.0,a fish called wanda,42.0
Richard Dreyfuss,1947.0,1947-10-29,"Brooklyn, Ny",White,Jewish,Straight,1978.0,Best Actor,The Goodbye Girl,the goodbye girl,tt0076095,The Goodbye Girl,https://www.imdb.com/title/tt0076095,1977.0,1h 51m,PG,7.4,17000.0,,,102000000.0,,Herbert Ross,Neil Simon,"Richard Dreyfuss, Marsha Mason, Quinn Cummings","Romantic Comedy, Comedy, Drama, Romance",United States,"MetroGoldwynMayer Studios  10202 W Washington Blvd, Culver City, California, USA","Warner Bros, MetroGoldwynMayer MGM, Rastar Pictures","English, Japanese, German",0.0,10.0,0.0,the goodbye girl,31.0
Mercedes Ruehl,1948.0,1948-02-28,"Queens, Ny",White,Roman Catholic,Straight,1992.0,Best Supporting Actress,The Fisher King,the fisher king,tt0101889,The Fisher King,https://www.imdb.com/title/tt0101889,1991.0,2h 17m,R,7.5,93000.0,24000000.0,41895736.0,41895491.0,311662.0,Terry Gilliam,Richard LaGravenese,"Jeff Bridges, Robin Williams, Adam Bryant","Dark Comedy, Comedy, Drama, Fantasy",United States,"Hunter College High School, Madison Avenue, Manhattan, New York City, New York, USA","TriStar Pictures, Columbia Pictures",English,0.0,39.0,0.0,the fisher king,44.0
Kathy Bates,1948.0,1948-06-28,"Memphis, Tn",White,Unknown,Straight,1991.0,Best Actress,Misery,misery,tt0100157,Misery,https://www.imdb.com/title/tt0100157,1990.0,1h 47m,R,7.8,245000.0,20000000.0,61277597.0,61276872.0,10076834.0,Rob Reiner,"Stephen King, William Goldman","James Caan, Kathy Bates, Richard Farnsworth","Psychological Drama, Psychological Thriller, Drama, Thriller",United States,"Genoa, Nevada, USA","Castle Rock Entertainment, Nelson Entertainment, Nelson Entertainment",English,0.0,10.0,0.0,misery,43.0
Jeremy Irons,1948.0,1948-09-19,"Cowes, Isle of Wight, England",White,Unknown,Straight,1991.0,Best Actor,Reversal of Fortune,reversal of fortune,tt0100486,Reversal of Fortune,https://www.imdb.com/title/tt0100486,1990.0,1h 51m,R,7.2,20000.0,,15445131.0,15445131.0,176985.0,Barbet Schroeder,"Alan Dershowitz, Nicholas Kazan","Jeremy Irons, Glenn Close, Ron Silver","Biography, Drama, Mystery","United States, Japan, United Kingdom","Newport, Rhode Island, USA","Sovereign Pictures, Reversal Films Inc, ShochikuFuji Company","English, German",0.0,16.0,0.0,reversal of fortune,43.0
Dianne Wiest,1948.0,1948-03-28,"Kansas City, Mo",White,Unknown,Straight,1987.0,Best Supporting Actress,Hannah and Her Sisters,hannah and her sisters,tt0091167,Hannah and Her Sisters,https://www.imdb.com/title/tt0091167,1986.0,1h 47m,PG-13,7.8,78000.0,6400000.0,40084041.0,40084041.0,1265826.0,Woody Allen,Woody Allen,"Mia Farrow, Dianne Wiest, Michael Caine","Comedy, Drama",United States,"Booth Theatre  222 West 45th Street, Manhattan, New York City, New York, USA","Orion Pictures, Jack Rollins  Charles H Joffe Productions",English,0.0,28.0,0.0,hannah and her sisters,39.0
Dianne Wiest,1948.0,1948-03-28,"Kansas City, Mo",White,Unknown,Straight,1995.0,Best Supporting Actress,Bullets Over Broadway,bullets over broadway,tt0109348,Bullets Over Broadway,https://www.imdb.com/title/tt0109348,1994.0,1h 38m,R,7.4,43000.0,20000000.0,13383747.0,13383747.0,86072.0,Woody Allen,"Woody Allen, Douglas McGrath","John Cusack, Dianne Wiest, Jennifer Tilly","Comedy, Crime",United States,"Belasco Theater  111 West 44th Street, Manhattan, New York City, New York, USA","Miramax, Sweetland Films, Magnolia Productions",English,0.0,29.0,0.0,bullets over broadway,47.0
Jeff Bridges,1949.0,1949-12-04,"Los Angeles, Ca",White,Lutheran,Straight,2010.0,Best Actor,Crazy Heart,crazy heart,tt1263670,Crazy Heart,https://www.imdb.com/title/tt1263670,2009.0,1h 52m,R,7.2,96000.0,7000000.0,47405566.0,39464306.0,82664.0,Scott Cooper,"Scott Cooper, Thomas Cobb","Jeff Bridges, Maggie Gyllenhaal, Colin Farrell","Drama, Music, Romance",United States,"Hard Rock Pavilion  5601 University Blvd SE, Albuquerque, New Mexico, USA","Searchlight Pictures, Informant Media, Butchers Run Films","English, Spanish",0.0,33.0,0.0,crazy heart,61.0
Jim Broadbent,1949.0,1949-05-24,"Lincoln, Lincolnshire, England",White,Unknown,Straight,2002.0,Best Supporting Actor,Iris,iris,tt4157220,Iris,https://www.imdb.com/title/tt4157220,2014.0,1h 19m,PG-13,7.1,47000.0,,1620708.0,1310678.0,57254.0,Albert Maysles,,"Iris Apfel, Harold Koda, Dries Van Noten","Biography, Documentary, History",United States,,,"English, French",0.0,4.0,0.0,iris,53.0
Sissy Spacek,1949.0,1949-12-25,"Quitman, Tx",White,Unknown,Straight,1981.0,Best Actress,Coal Miner's Daughter,coal miner's daughter,tt0080549,Coal Miner's Daughter,https://www.imdb.com/title/tt0080549,1980.0,2h 4m,PG,7.5,21000.0,,67182787.0,67182787.0,3366443.0,Michael Apted,"Thomas Rickman, Loretta Lynn, George Vecsey","Sissy Spacek, Tommy Lee Jones, Levon Helm","Biography, Drama, Music",United States,"Nashville, Tennessee, USA",Universal Pictures,English,0.0,13.0,0.0,coal miner's daughter,32.0
Meryl Streep,1949.0,1949-06-22,"Summit, Nj",White,Unknown,Straight,1983.0,Best Actress,Sophie's Choice,sophie's choice,tt0084707,Sophie's Choice,https://www.imdb.com/title/tt0084707,1982.0,2h 30m,R,7.5,54000.0,12000000.0,30036166.0,30036000.0,202131.0,Alan J Pakula,"William Styron, Alan J Pakula","Meryl Streep, Kevin Kline, Peter MacNicol","Drama, Romance","United Kingdom, United States","Reiserovo castle, Samobor, Croatia","Incorporated Television Company ITC, Keith Barish Productions","English, Polish, German, French, Russian",0.0,14.0,0.0,sophie's choice,34.0
Meryl Streep,1949.0,1949-06-22,"Summit, Nj",White,Unknown,Straight,1980.0,Best Supporting Actress,Kramer vs. Kramer,kramer vs. kramer,tt0079417,Kramer vs. Kramer,https://www.imdb.com/title/tt0079417,1979.0,1h 45m,PG,7.8,159000.0,8000000.0,106260000.0,106260000.0,,Robert Benton,"Avery Corman, Robert Benton, Meryl Streep","Dustin Hoffman, Meryl Streep, Jane Alexander",Drama,United States,"The Mall, Central Park, Manhattan, New York City, New York, USA","Columbia Pictures, Stanley Jaffe Production",English,0.0,26.0,0.0,kramer vs. kramer,31.0
Meryl Streep,1949.0,1949-06-22,"Summit, Nj",White,Unknown,Straight,2012.0,Best Actress,The Iron Lady,the iron lady,tt1007029,The Iron Lady,https://www.imdb.com/title/tt1007029,2011.0,1h 45m,PG-13,6.4,115000.0,13000000.0,115890792.0,30017992.0,220409.0,Phyllida Lloyd,Abi Morgan,"Meryl Streep, Jim Broadbent, Richard E Grant","Docudrama, Biography, Drama","United Kingdom, France","Eaton Square, Belgravia, London, England, UK","DJ Films, Path, Film4",English,0.0,47.0,0.0,the iron lady,63.0
Jessica Lange,1949.0,1949-04-20,"Cloquet, Mn",White,Unknown,Straight,1983.0,Best Supporting Actress,Tootsie,tootsie,tt0084805,Tootsie,https://www.imdb.com/title/tt0084805,1982.0,1h 56m,PG,7.4,117000.0,21000000.0,177200285.0,177200000.0,5540470.0,Sydney Pollack,"Don McGuire, Larry Gelbart, Murray Schisgal","Dustin Hoffman, Jessica Lange, Teri Garr","Farce, HighConcept Comedy, Romantic Comedy, Comedy, Drama, Romance",United States,"Hurley Mountain Inn, Hurley, New York, USA","Columbia Pictures, Mirage Enterprises, Punch Productions",English,0.0,31.0,0.0,tootsie,34.0
Jessica Lange,1949.0,1949-04-20,"Cloquet, Mn",White,Unknown,Straight,1995.0,Best Actress,Blue Sky,blue sky,tt0109306,Blue Sky,https://www.imdb.com/title/tt0109306,1994.0,1h 41m,PG-13,6.4,84000.0,16000000.0,3359465.0,3359465.0,763890.0,Tony Richardson,"Rama Laurie Stagner, Arlene Sarner, Jerry Leichtling","Jessica Lange, Tommy Lee Jones, Powers Boothe","Drama, Romance",United States,"Craig Air Force Base, Selma, Alabama, USA","Orion Pictures, Robert H Solo Productions","English, French",0.0,5.0,0.0,blue sky,46.0
William Hurt,1950.0,1950-03-20,"Washington, Dc",White,Lutheran,Straight,1986.0,Best Actor,Kiss of the Spider Woman,kiss of the spider woman,tt0089424,Kiss of the Spider Woman,https://www.imdb.com/title/tt0089424,1985.0,2h,R,7.3,18000.0,,17009654.0,17005229.0,55962.0,Hector Babenco,"Manuel Puig, Leonard Schrader","William Hurt, Raul Julia, Sonia Braga","Psychological Drama, Drama","Brazil, United States","Minhoco, Via Elevada Presidente Joo Goulart, So Paulo, Brazil","HB Filmes, FilmDallas Pictures","English, French, Portuguese, German",0.0,12.0,0.0,kiss of the spider woman,36.0
Robin Williams,1951.0,1951-07-21,"Chicago, Il",White,Anglican/episcopalian,Straight,1998.0,Best Supporting Actor,Good Will Hunting,good will hunting,tt0119217,Good Will Hunting,https://www.imdb.com/title/tt0119217,1997.0,2h 6m,R,8.3,11000000.0,10000000.0,225933435.0,138433435.0,272912.0,Gus Van Sant,"Matt Damon, Ben Affleck","Robin Williams, Matt Damon, Ben Affleck","ComingofAge, Psychological Drama, Drama, Romance",United States,"Massachusetts Turnpike, Massachusetts, USA","Miramax, Lawrence Bender Productions, Be Gentlemen Limited Partnership",English,0.0,61.0,0.0,good will hunting,47.0
Geoffrey Rush,1951.0,1951-07-06,"Toowoomba, Queensland, Australia",White,Unknown,Straight,1997.0,Best Actor,Shine,shine,tt0117631,Shine,https://www.imdb.com/title/tt0117631,1996.0,1h 45m,PG-13,7.6,57000.0,5500000.0,35999121.0,35892330.0,162179.0,Scott Hicks,"Jan Sardi, Scott Hicks","Geoffrey Rush, Armin MuellerStahl, Justin Braine","Biography, Drama, Music, Romance",Australia,"Sydney, New South Wales, Australia","Australian Film Finance Corporation AFFC, Film Victoria, Momentum Films","English, Yiddish",0.0,52.0,0.0,shine,46.0
Anjelica Huston,1951.0,1951-07-08,"Santa Monica, Ca",White,Unknown,Straight,1986.0,Best Supporting Actress,Prizzi's Honor,prizzi's honor,tt0089841,Prizzi's Honor,https://www.imdb.com/title/tt0089841,1985.0,2h 10m,R,6.7,27000.0,16000000.0,26657534.0,26657534.0,4234537.0,John Huston,"Richard Condon, Janet Roach","Jack Nicholson, Kathleen Turner, Robert Loggia","Gangster, Romantic Comedy, Comedy, Crime, Drama, Romance",United States,"57 Montague Street, Brooklyn Heights, Brooklyn, New York City, New York, USA",ABC Motion Pictures,"English, Italian, Spanish",0.0,25.0,0.0,prizzi's honor,35.0
Chris Cooper,1951.0,1951-07-09,"Kansas City, Mo",White,Unknown,Straight,2003.0,Best Supporting Actor,Adaptation,adaptation,,,,,,,,,,,,,,,,,,,,,,,,,52.0
Kathryn Bigelow,1951.0,1951-11-27,"San Carlos, Ca",White,Unknown,Straight,2009.0,Best Director,The Hurt Locker,the hurt locker,tt0887912,The Hurt Locker,https://www.imdb.com/title/tt0887912,2008.0,2h 11m,R,7.5,481000.0,15000000.0,49259766.0,17017811.0,145352.0,Kathryn Bigelow,Mark Boal,"Jeremy Renner, Anthony Mackie, Brian Geraghty","Drama, Thriller, War","United States, Luxembourg","Amman, Jordan","Voltage Pictures, Grosvenor Park Media, Film Capital Europe Funds FCEF ","English, Arabic",0.0,130.0,0.0,the hurt locker,58.0
Robert Zemeckis,1952.0,1952-05-14,"Chicago, Il",White,Roman Catholic,Straight,1995.0,Best Director,Forrest Gump,forrest gump,tt0109830,Forrest Gump,https://www.imdb.com/title/tt0109830,1994.0,2h 22m,PG-13,8.8,23000000.0,55000000.0,678226465.0,330455270.0,24450602.0,Robert Zemeckis,"Winston Groom, Eric Roth","Tom Hanks, Robin Wright, Gary Sinise","Epic, Drama, Romance",United States,"Chippewa Square, Savannah, Georgia, USA","Paramount Pictures, The Steve Tisch Company, Wendy Finerman Productions",English,0.0,74.0,0.0,forrest gump,43.0
Roberto Benigni,1952.0,1952-10-27,"Misericordia, Arezzo, Tuscany, Italy",White,Unknown,Straight,1999.0,Best Actor,Life is Beautiful,life is beautiful,tt0118799,Life Is Beautiful,https://www.imdb.com/title/tt0118799,1997.0,1h 56m,PG-13,8.6,765000.0,15000000000.0,230099013.0,57563264.0,118920.0,Roberto Benigni,"Vincenzo Cerami, Roberto Benigni","Roberto Benigni, Nicoletta Braschi, Giorgio Cantarini","Period Drama, Tragedy, Tragic Romance, Comedy, Drama, Romance, War",Italy,"Arezzo, Tuscany, Italy","Melampo Cinematografica, Cecchi Gori Group Tiger Cinematografica","Italian, German, English",0.0,52.0,0.0,life is beautiful,47.0
Mary Steenburgen,1953.0,1953-02-08,"Newport, Ar",White,Unknown,Straight,1981.0,Best Supporting Actress,Melvin and Howard,melvin and howard,tt0081150,Melvin and Howard,https://www.imdb.com/title/tt0081150,1980.0,1h 35m,R,6.8,55000.0,7000000.0,4309490.0,4309490.0,,Jonathan Demme,Bo Goldman,"Paul Le Mat, Jason Robards, Elizabeth Cheshire","Comedy, Drama",United States,"Las Vegas, Nevada, USA",Universal Pictures,English,0.0,9.0,0.0,melvin and howard,28.0
Kim Basinger,1953.0,1953-12-08,"Athens, Ga",White,Unknown,Straight,1998.0,Best Supporting Actress,L.A. Confidential,l.a. confidential,tt0119488,L.A. Confidential,https://www.imdb.com/title/tt0119488,1997.0,2h 18m,R,8.2,634000.0,35000000.0,126216940.0,64616940.0,5211198.0,Curtis Hanson,"James Ellroy, Brian Helgeland, Curtis Hanson","Kevin Spacey, Russell Crowe, Guy Pearce","Conspiracy Thriller, Cop Drama, Hardboiled Detective, Period Drama, Police Procedural, Suspense Mystery, Whodunnit, Crime, Drama, Mystery",United States,"The Lovell Health House  4616 Dundee Drive, Los Feliz, Los Angeles, California, USA","Regency Enterprises, New Regency Productions, The Wolper Organization",English,0.0,86.0,0.0,l.a. confidential,45.0
Ron Howard,1954.0,1954-03-01,"Duncan, Ok",White,Unknown,Straight,2002.0,Best Director,A Beautiful Mind,a beautiful mind,tt0268978,A Beautiful Mind,https://www.imdb.com/title/tt0268978,2001.0,2h 15m,PG-13,8.2,1000000.0,58000000.0,316791257.0,170742341.0,367151.0,Ron Howard,"Akiva Goldsman, Sylvia Nasar","Russell Crowe, Ed Harris, Jennifer Connelly","Docudrama, Period Drama, Psychological Drama, Biography, Drama, Mystery",United States,"Manhattan College  Manhattan College Parkway, Riverdale, Manhattan, New York City, New York, USA","Universal Pictures, Dreamworks Pictures, Imagine Entertainment",English,0.0,69.0,0.0,a beautiful mind,48.0
Anthony Minghella,1954.0,1954-01-06,"Ryde, Isle of Wight, England",White,Unknown,Straight,1997.0,Best Director,The English Patient,the english patient,tt0116209,The English Patient,https://www.imdb.com/title/tt0116209,1996.0,2h 42m,R,7.4,207000.0,27000000.0,231976425.0,78676425.0,278439.0,Anthony Minghella,"Michael Ondaatje, Anthony Minghella","Ralph Fiennes, Juliette Binoche, Willem Dafoe","Desert Adventure, Period Drama, Romantic Epic, Steamy Romance, Tragedy, Tragic Romance, Drama, Romance, War","United States, United Kingdom","Mahdia, Tunisia","Miramax, Tiger Moth Productions","English, German, Italian, Arabic",0.0,78.0,0.0,the english patient,43.0
Joel Coen,1954.0,1954-11-29,"St. Louis Park, Mn",White,Jewish,Straight,2008.0,Best Director,No Country for Old Men,no country for old men,tt0477348,No Country for Old Men,https://www.imdb.com/title/tt0477348,2007.0,2h 2m,R,8.2,11000000.0,25000000.0,171632777.0,74283625.0,1202000.0,"Ethan Coen, Joel Coen","Joel Coen, Ethan Coen, Cormac McCarthy","Tommy Lee Jones, Javier Bardem, Josh Brolin","Contemporary Western, Serial Killer, Crime, Drama, Thriller",United States,"Marfa, Texas, USA","Paramount Vantage, Miramax, Scott Rudin Productions","English, Spanish",0.0,139.0,0.0,no country for old men,54.0
James Cameron,1954.0,1954-08-16,"Kapuskasing, Ontario, Canada",White,Atheist,Straight,1998.0,Best Director,Titanic,titanic,tt0120338,Titanic,https://www.imdb.com/title/tt0120338,1997.0,3h 14m,PG-13,7.9,13000000.0,200000000.0,2264750694.0,674292608.0,28638131.0,James Cameron,James Cameron,"Leonardo DiCaprio, Kate Winslet, Billy Zane","Disaster, Epic, Period Drama, Romantic Epic, Tragedy, Tragic Romance, Drama, Romance","United States, Mexico","Titanic wreck, Titanic Canyon, North Atlantic, Atlantic Ocean","Twentieth Century Fox, Paramount Pictures, Lightstorm Entertainment","English, Swedish, Italian, French",0.0,83.0,0.0,titanic,44.0
Ang Lee,1954.0,1954-10-23,"Pingtung, Taiwan",Asian,Unknown,Straight,2013.0,Best Director,Life of Pi,life of pi,tt0454876,Life of Pi,https://www.imdb.com/title/tt0454876,2012.0,2h 7m,PG,7.9,679000.0,,,,,,,,,,,,,0.0,0.0,0.0,life of pi,59.0
Ang Lee,1954.0,1954-10-23,"Pingtung, Taiwan",Asian,Unknown,Straight,2006.0,Best Director,Brokeback Mountain,brokeback mountain,tt0388795,Brokeback Mountain,https://www.imdb.com/title/tt0388795,2005.0,2h 14m,R,7.7,395000.0,14000000.0,178064141.0,83043761.0,547425.0,Ang Lee,"Annie Proulx, Larry McMurtry, Diana Ossana","Jake Gyllenhaal, Heath Ledger, Michelle Williams","Contemporary Western, Steamy Romance, Tragedy, Tragic Romance, Drama, Romance","Canada, United States","Grand Teton National Park, Wyoming, USA","Focus Features, River Road Entertainment, Alberta Film Entertainment","English, Spanish",0.0,133.0,0.0,brokeback mountain,52.0
Denzel Washington,1954.0,1954-12-28,"Mount Vernon, Ny",Black,Protestant,Straight,2002.0,Best Actor,Training Day,training day,tt0139654,Training Day,https://www.imdb.com/title/tt0139654,2001.0,2h 2m,R,7.8,488000.0,45000000.0,104876233.0,76631907.0,22550788.0,Antoine Fuqua,David Ayer,"Denzel Washington, Ethan Hawke, Scott Glenn","Cop Drama, Drug Crime, Gangster, Police Procedural, Tragedy, Crime, Drama, Thriller",United States,"1031 Everett St, Los Angeles, California, USA","Warner Bros, Village Roadshow Pictures, NPV Entertainment","English, Russian, Spanish, Korean, Greek",0.0,23.0,0.0,training day,48.0
Denzel Washington,1954.0,1954-12-28,"Mount Vernon, Ny",Black,Protestant,Straight,1990.0,Best Supporting Actor,Glory,glory,tt0097441,Glory,https://www.imdb.com/title/tt0097441,1989.0,2h 2m,R,7.8,148000.0,18000000.0,26979166.0,26979166.0,63661.0,Edward Zwick,"Kevin Jarre, Lincoln Kirstein, Peter Burchard","Matthew Broderick, Denzel Washington, Cary Elwes","Period Drama, War Epic, Biography, Drama, History, War",United States,"Savannah, Georgia, USA","TriStar Pictures, Freddie Fields Productions",English,0.0,18.0,0.0,glory,36.0
Whoopi Goldberg,1955.0,1955-11-13,New York City,Black,Atheist,Straight,1991.0,Best Supporting Actress,Ghost,ghost,tt0099653,Ghost,https://www.imdb.com/title/tt0099653,1990.0,2h 7m,PG-13,7.1,243000.0,22000000.0,505703557.0,217631306.0,12191540.0,Jerry Zucker,Bruce Joel Rubin,"Patrick Swayze, Demi Moore, Whoopi Goldberg","FeelGood Romance, Drama, Fantasy, Romance, Thriller",United States,"104 Prince Street, Soho, Manhattan, New York City, New York, USA","Paramount Pictures, Howard W Koch Productions",English,0.0,24.0,0.0,ghost,36.0
Kevin Costner,1955.0,1955-01-18,"Lynwood, Ca",White,Baptist,Straight,1991.0,Best Director,Dances with Wolves,dances with wolves,tt0099348,Dances with Wolves,https://www.imdb.com/title/tt0099348,1990.0,3h 1m,PG-13,8.0,298000.0,22000000.0,424208848.0,184208848.0,598257.0,Kevin Costner,Michael Blake,"Kevin Costner, Mary McDonnell, Graham Greene","Costume Drama, Epic, Period Drama, Western Epic, Adventure, Drama, Western","United States, United Kingdom","Badlands National Park, South Dakota, USA","Tig Productions, Majestic Films International, Allied Filmmakers","English, Sioux, Pawnee",0.0,39.0,0.0,dances with wolves,36.0
Geena Davis,1956.0,1956-01-21,"Wareham, Ma",White,Congregationalist,Straight,1989.0,Best Supporting Actress,The Accidental Tourist,the accidental tourist,tt0094606,The Accidental Tourist,https://www.imdb.com/title/tt0094606,1988.0,2h 1m,PG,6.7,18000.0,,32632093.0,32632093.0,97578.0,Lawrence Kasdan,"Anne Tyler, Frank Galati, Lawrence Kasdan","William Hurt, Kathleen Turner, Geena Davis","Comedy, Drama, Romance",United States,"324 Hawthorne Road, Roland Park, Baltimore, Maryland, USA",Warner Bros,English,0.0,11.0,0.0,the accidental tourist,33.0
Mel Gibson,1956.0,1956-01-03,"Peekskill, Ny",White,Roman Catholic,Straight,1996.0,Best Director,Braveheart,braveheart,tt0112573,Braveheart,https://www.imdb.com/title/tt0112573,1995.0,2h 58m,R,8.3,11000000.0,72000000.0,213216216.0,75609945.0,9938276.0,Mel Gibson,Randall Wallace,"Mel Gibson, Sophie Marceau, Patrick McGoohan","Costume Drama, Epic, Period Drama, War Epic, Biography, Drama, War",United States,"Fort William, Glen Coe, Highland, Scotland, UK","Icon Entertainment International, The Ladd Company, BH Finance CV","English, French, Latin, Gaelic, Italian",0.0,34.0,0.0,braveheart,40.0
Danny Boyle,1956.0,1956-10-20,"Manchester, England",White,Roman Catholic,Straight,2009.0,Best Director,Slumdog Millionaire,slumdog millionaire,tt1010048,Slumdog Millionaire,https://www.imdb.com/title/tt1010048,2008.0,2h,R,8.0,889000.0,15000000.0,378411362.0,141319928.0,360018.0,"Danny Boyle, Loveleen Tandan","Simon Beaufoy, Vikas Swarup","Dev Patel, Freida Pinto, Saurabh Shukla","ComingofAge, Teen Drama, Crime, Drama, Romance","United Kingdom, France, United States, India","ND Studios, Karjat, Mumbai, Maharashtra, India","Searchlight Pictures, Warner Bros, Film4","English, Hindi",0.0,133.0,0.0,slumdog millionaire,53.0
Tom Hanks,1956.0,1956-07-09,"Concord, Ca",White,Born-Again Christian,Straight,1994.0,Best Actor,Philadelphia,philadelphia,tt0107818,Philadelphia,https://www.imdb.com/title/tt0107818,1993.0,2h 5m,PG-13,7.7,264000.0,26000000.0,206678440.0,77446440.0,143433.0,Jonathan Demme,Ron Nyswaner,"Tom Hanks, Denzel Washington, Roberta Maxwell","Legal Drama, Drama",United States,"Furness Building, University of Pennsylvania, Philadelphia, Pennsylvania, USA","TriStar Pictures, Clinica Estetico",English,0.0,23.0,0.0,philadelphia,38.0
Tom Hanks,1956.0,1956-07-09,"Concord, Ca",White,Born-Again Christian,Straight,1995.0,Best Actor,Forrest Gump,forrest gump,tt0109830,Forrest Gump,https://www.imdb.com/title/tt0109830,1994.0,2h 22m,PG-13,8.8,23000000.0,55000000.0,678226465.0,330455270.0,24450602.0,Robert Zemeckis,"Winston Groom, Eric Roth","Tom Hanks, Robin Wright, Gary Sinise","Epic, Drama, Romance",United States,"Chippewa Square, Savannah, Georgia, USA","Paramount Pictures, The Steve Tisch Company, Wendy Finerman Productions",English,0.0,74.0,0.0,forrest gump,39.0
Christoph Waltz,1956.0,1956-10-04,Na,White,Unknown,Straight,2010.0,Best Supporting Actor,Inglourious Basterds,inglourious basterds,tt0361748,Inglourious Basterds,https://www.imdb.com/title/tt0361748,2009.0,2h 33m,R,8.4,16000000.0,70000000.0,321461041.0,120540719.0,38054676.0,Quentin Tarantino,Quentin Tarantino,"Brad Pitt, Diane Kruger, Eli Roth","Dark Comedy, Period Drama, Adventure, Drama, War","United States, Germany","Brasserie La Renaissance, 112 rue Championnet, Paris 18, Paris, France","Universal Pictures, The Weinstein Company, A Band Apart","English, German, French, Italian",0.0,172.0,0.0,inglourious basterds,54.0
Christoph Waltz,1956.0,1956-10-04,Na,White,Unknown,Straight,2013.0,Best Supporting Actor,Django Unchained,django unchained,tt1853728,Django Unchained,https://www.imdb.com/title/tt1853728,2012.0,2h 45m,R,8.5,18000000.0,,,,,,,,,,,,,0.0,0.0,0.0,django unchained,57.0
Frances McDormand,1957.0,1957-06-23,"Chicago, Il",White,Disciples of Christ,Straight,1997.0,Best Actress,Fargo,fargo,tt0116282,Fargo,https://www.imdb.com/title/tt0116282,1996.0,1h 38m,R,8.1,743000.0,7000000.0,60611975.0,24611975.0,730265.0,"Joel Coen, Ethan Coen","Ethan Coen, Joel Coen","William H Macy, Frances McDormand, Steve Buscemi","Cop Drama, Dark Comedy, Police Procedural, Tragedy, Crime, Drama, Thriller","United Kingdom, United States","Grafton, North Dakota, USA","PolyGram Filmed Entertainment, Working Title Films",English,0.0,58.0,0.0,fargo,40.0
Ethan Coen,1957.0,1957-09-21,"St. Louis Park, Mn",White,Jewish,Straight,2008.0,Best Director,No Country for Old Men,no country for old men,tt0477348,No Country for Old Men,https://www.imdb.com/title/tt0477348,2007.0,2h 2m,R,8.2,11000000.0,25000000.0,171632777.0,74283625.0,1202000.0,"Ethan Coen, Joel Coen","Joel Coen, Ethan Coen, Cormac McCarthy","Tommy Lee Jones, Javier Bardem, Josh Brolin","Contemporary Western, Serial Killer, Crime, Drama, Thriller",United States,"Marfa, Texas, USA","Paramount Vantage, Miramax, Scott Rudin Productions","English, Spanish",0.0,139.0,0.0,no country for old men,51.0
Daniel Day-Lewis,1957.0,1957-04-29,"London, England",White,Unknown,Straight,2013.0,Best Actor,Lincoln,lincoln,tt0443272,Lincoln,https://www.imdb.com/title/tt0443272,2012.0,2h 30m,PG-13,7.3,277000.0,,,,,,,,,,,,,0.0,0.0,0.0,lincoln,56.0
Daniel Day-Lewis,1957.0,1957-04-29,"London, England",White,Unknown,Straight,2008.0,Best Actor,There Will Be Blood,there will be blood,tt0469494,There Will Be Blood,https://www.imdb.com/title/tt0469494,2007.0,2h 38m,R,8.2,659000.0,25000000.0,76430381.0,40222514.0,190739.0,Paul Thomas Anderson,"Paul Thomas Anderson, Upton Sinclair","Daniel DayLewis, Paul Dano, Ciarn Hinds","Epic, Period Drama, Psychological Drama, Tragedy, Drama",United States,"Lompoc, California, USA","Paramount Vantage, Miramax, Ghoulardi Film Company","English, American Sign Language",0.0,138.0,0.0,there will be blood,51.0
Daniel Day-Lewis,1957.0,1957-04-29,"London, England",White,Unknown,Straight,1990.0,Best Actor,My Left Foot,my left foot,tt0097937,My Left Foot,https://www.imdb.com/title/tt0097937,1989.0,1h 43m,R,7.8,82000.0,600000.0,14743391.0,14743391.0,41165.0,Jim Sheridan,"Shane Connaughton, Jim Sheridan, Christy Brown","Daniel DayLewis, Brenda Fricker, Alison Whelan","Biography, Drama","Ireland, United Kingdom","Ardmore Studios, Herbert Road, Bray, County Wicklow, Ireland","Ferndale Films, Granada Television, Hells Kitchen Films",English,0.0,20.0,0.0,my left foot,33.0
Holly Hunter,1958.0,1958-03-20,"Conyers, Ga",White,Unknown,Straight,1994.0,Best Actress,The Piano,the piano,tt0107822,The Piano,https://www.imdb.com/title/tt0107822,1993.0,2h 1m,R,7.5,97000.0,7000000.0,40185556.0,40157856.0,151419.0,Jane Campion,Jane Campion,"Holly Hunter, Harvey Keitel, Sam Neill","Period Drama, Steamy Romance, Drama, Music, Romance","New Zealand, Australia, France","Auckland, New Zealand","CiBy 2000, Jan Chapman Productions, The Australian Film Commission","English, British Sign Language, Maori",0.0,57.0,0.0,the piano,36.0
Tim Robbins,1958.0,1958-10-16,"West Covina, Ca",White,Roman Catholic,Straight,2004.0,Best Supporting Actor,Mystic River,mystic river,tt0327056,Mystic River,https://www.imdb.com/title/tt0327056,2003.0,2h 18m,R,7.9,497000.0,25000000.0,156595191.0,90135191.0,640815.0,Clint Eastwood,"Brian Helgeland, Dennis Lehane","Sean Penn, Tim Robbins, Kevin Bacon","Psychological Thriller, Suspense Mystery, Crime, Drama, Mystery, Thriller","United States, Australia","Doyles Pub  3484 Washington Street, Jamaica Plain, Boston, Massachusetts, USA","Warner Bros, Village Roadshow Pictures, NPV Entertainment",English,0.0,144.0,0.0,mystic river,46.0
Emma Thompson,1959.0,1959-04-15,"London, England",White,Unknown,Straight,1993.0,Best Actress,Howards End,howards end,tt0104454,Howards End,https://www.imdb.com/title/tt0104454,1992.0,2h 22m,PG,7.4,37000.0,,26476514.0,26126837.0,52568.0,James Ivory,"EM Forster, Ruth Prawer Jhabvala","Anthony Hopkins, Emma Thompson, Vanessa Redgrave","Period Drama, Tragedy, Drama, Romance","United Kingdom, Japan, United States","Fortnum  Masons, Piccadilly, Mayfair, Westminster, Greater London, England, UK","Merchant Ivory Productions, Sumitomo Corporation, Imagica","English, German",0.0,49.0,0.0,howards end,34.0
Marcia Gay Harden,1959.0,1959-08-14,"La Jolla, Ca",White,Unknown,Straight,2001.0,Best Supporting Actress,Pollock,pollock,tt0183659,Pollock,https://www.imdb.com/title/tt0183659,2000.0,2h 2m,R,7.0,30000.0,6000000.0,10994533.0,8598593.0,44244.0,Ed Harris,"Steven Naifeh, Gregory White Smith, Barbara Turner","Ed Harris, Marcia Gay Harden, Robert Knott","Tragedy, Biography, Drama",United States,"Long Island, New York, USA","BrantAllen, Fred Berner Films, Pollock Films",English,0.0,10.0,0.0,pollock,42.0
Kevin Spacey,1959.0,1959-07-26,"South Orange, Nj",White,Unknown,Matter of Dispute,2000.0,Best Actor,American Beauty,american beauty,tt0169547,American Beauty,https://www.imdb.com/title/tt0169547,1999.0,2h 2m,R,8.3,12000000.0,15000000.0,356296601.0,130096601.0,861531.0,Sam Mendes,Alan Ball,"Kevin Spacey, Annette Bening, Thora Birch","Psychological Drama, Tragedy, Drama",United States,"Sacramento, California, USA","Dreamworks Pictures, JinksCohen Company",English,0.0,102.0,0.0,american beauty,41.0
Kevin Spacey,1959.0,1959-07-26,"South Orange, Nj",White,Unknown,Matter of Dispute,1996.0,Best Supporting Actor,The Usual Suspects,the usual suspects,tt0114814,The Usual Suspects,https://www.imdb.com/title/tt0114814,1995.0,1h 46m,R,8.5,12000000.0,6000000.0,23341568.0,23341568.0,645363.0,Bryan Singer,Christopher McQuarrie,"Kevin Spacey, Gabriel Byrne, Chazz Palminteri","Gangster, Heist, Psychological Drama, Psychological Thriller, Suspense Mystery, Whodunnit, Crime, Drama, Mystery, Thriller","United States, Germany","Korean Friendship Bell, Angels Gate Park  3601 Gaffey Street, San Pedro, Los Angeles, California, USA","PolyGram Filmed Entertainment, Spelling Films International, Blue Parrot","English, Hungarian, Spanish, French",0.0,17.0,0.0,the usual suspects,37.0
Colin Firth,1960.0,1960-09-10,"Grayshott, Hampshire, England",White,Unknown,Straight,2011.0,Best Actor,The King's Speech,the king's speech,tt1504320,The King's Speech,https://www.imdb.com/title/tt1504320,2010.0,1h 58m,R,8.0,717000.0,15000000.0,472088310.0,138797449.0,355450.0,Tom Hooper,David Seidler,"Colin Firth, Geoffrey Rush, Helena Bonham Carter","Period Drama, Political Drama, Biography, Drama, History","United States, United Kingdom","Elland Road Football Stadium, Elland Road, Beeston, Leeds, West Yorkshire, England, UK","The Weinstein Company, UK Film Council, Momentum Pictures",English,0.0,206.0,0.0,the king's speech,51.0
Timothy Hutton,1960.0,1960-08-16,"Malibu, Ca",White,Unknown,Straight,1981.0,Best Supporting Actor,Oridnary People,oridnary people,,,,,,,,,,,,,,,,,,,,,,,,,21.0
Melissa Leo,1960.0,1960-09-14,New York City,White,Unknown,Straight,2011.0,Best Supporting Actress,The Fighter,the fighter,tt0964517,The Fighter,https://www.imdb.com/title/tt0964517,2010.0,1h 56m,R,7.8,396000.0,25000000.0,129190869.0,93617009.0,300010.0,David O Russell,"Scott Silver, Paul Tamasy, Eric Johnson","Mark Wahlberg, Christian Bale, Amy Adams","Boxing, Docudrama, Action, Biography, Drama, Sport",United States,"Lowell, Massachusetts, USA","Closest to the Hole Productions, Fighter, Mandeville Films",English,0.0,123.0,0.0,the fighter,51.0
Tilda Swinton,1960.0,1960-11-05,"London, England",White,Unknown,Straight,2007.0,Best Supporting Actress,Michael Clayton,michael clayton,tt0465538,Michael Clayton,https://www.imdb.com/title/tt0465538,2007.0,1h 59m,R,7.2,177000.0,25000000.0,92991835.0,49033882.0,719910.0,Tony Gilroy,Tony Gilroy,"George Clooney, Tilda Swinton, Tom Wilkinson","Legal Thriller, Crime, Drama, Mystery, Thriller",United States,"Cornwall, New York, USA","Samuels Media, Castle Rock Entertainment, Mirage Enterprises",English,0.0,114.0,0.0,michael clayton,47.0
Sean Penn,1960.0,1960-08-17,"Burbank, Ca",White,Roman Catholic,Straight,2003.0,Best Actor,Mystic River,mystic river,tt0327056,Mystic River,https://www.imdb.com/title/tt0327056,2003.0,2h 18m,R,7.9,497000.0,25000000.0,156595191.0,90135191.0,640815.0,Clint Eastwood,"Brian Helgeland, Dennis Lehane","Sean Penn, Tim Robbins, Kevin Bacon","Psychological Thriller, Suspense Mystery, Crime, Drama, Mystery, Thriller","United States, Australia","Doyles Pub  3484 Washington Street, Jamaica Plain, Boston, Massachusetts, USA","Warner Bros, Village Roadshow Pictures, NPV Entertainment",English,0.0,144.0,0.0,mystic river,43.0
Sean Penn,1960.0,1960-08-17,"Burbank, Ca",White,Roman Catholic,Straight,2009.0,Best Actor,Milk,milk,tt1013753,Milk,https://www.imdb.com/title/tt1013753,2008.0,2h 8m,R,7.5,182000.0,20000000.0,54662930.0,31841299.0,1453844.0,Gus Van Sant,Dustin Lance Black,"Sean Penn, Josh Brolin, Emile Hirsch","Docudrama, Period Drama, Political Drama, Biography, Drama, History",United States,"Duboce Park, San Francisco, California, USA","Focus Features, Axon Films, Groundswell Productions",English,0.0,145.0,0.0,milk,49.0
Peter Jackson,1961.0,1961-10-31,"Wellington, New Zealand",White,Unknown,Straight,2004.0,Best Director,The Lord of the Rings: Return of the King,the lord of the rings: return of the king,,,,,,,,,,,,,,,,,,,,,,,,,43.0
Forest Whitaker,1961.0,1961-07-15,"Longview, Tx",Black,Unknown,Straight,2007.0,Best Actor,The Last King of Scotland,the last king of scotland,tt0455590,The Last King of Scotland,https://www.imdb.com/title/tt0455590,2006.0,2h 3m,R,7.6,199000.0,6000000.0,48618191.0,17606684.0,142899.0,Kevin Macdonald,"Peter Morgan, Jeremy Brock, Giles Foden","James McAvoy, Forest Whitaker, Gillian Anderson","Historical Epic, Political Drama, Biography, Drama, History, Thriller","United Kingdom, Germany, United States","Kampala, Uganda","Fox Searchlight Pictures, DNA Films, FilmFour","English, French, German, Swahili",0.0,32.0,0.0,the last king of scotland,46.0
George Clooney,1961.0,1961-05-06,"Lexington, Ky",White,Unknown,Straight,2006.0,Best Supporting Actor,Syriana,syriana,tt0365737,Syriana,https://www.imdb.com/title/tt0365737,2005.0,2h 8m,R,6.9,136000.0,50000000.0,93974620.0,50824620.0,374502.0,Stephen Gaghan,"Stephen Gaghan, Robert Baer","George Clooney, Matt Damon, Amanda Peet","Political Thriller, Spy, Drama, Thriller","United States, United Arab Emirates","Casablanca, Morocco","Warner Bros, Participant, 4M","English, Urdu, Arabic, Persian, French, Mandarin",0.0,30.0,0.0,syriana,45.0
Jodie Foster,1962.0,1962-11-19,"Los Angeles, Ca",White,Atheist,Lesbian,1989.0,Best Actress,The Accused,the accused,tt0094608,The Accused,https://www.imdb.com/title/tt0094608,1988.0,1h 51m,R,7.1,41000.0,13000000.0,32078318.0,32078318.0,4316369.0,Jonathan Kaplan,Tom Topor,"Kelly McGillis, Jodie Foster, Bernie Coulson","Legal Drama, Crime, Drama",United States,"10190 River Rd, Delta, British Columbia, Canada","Paramount Pictures, JaffeLansing, Paramount Pictures",English,0.0,7.0,0.0,the accused,27.0
Jodie Foster,1962.0,1962-11-19,"Los Angeles, Ca",White,Atheist,Lesbian,1992.0,Best Actress,The Silence of the Lambs,the silence of the lambs,tt0102926,The Silence of the Lambs,https://www.imdb.com/title/tt0102926,1991.0,1h 58m,R,8.6,16000000.0,19000000.0,272742922.0,130742922.0,13766814.0,Jonathan Demme,"Thomas Harris, Ted Tally","Jodie Foster, Anthony Hopkins, Scott Glenn","Police Procedural, Psychological Drama, Psychological Thriller, Serial Killer, Crime, Drama, Thriller",United States,"Bimini Airport, South Bimini Island, Bimini Islands, Bahamas","Strong HeartDemme Production, Orion Pictures","English, Latin",0.0,50.0,0.0,the silence of the lambs,30.0
Helen Hunt,1963.0,1963-06-15,"Culver City, Ca",White,Unknown,Straight,1998.0,Best Actress,As Good As It Gets,as good as it gets,tt0119822,As Good as It Gets,https://www.imdb.com/title/tt0119822,1997.0,2h 19m,PG-13,7.7,325000.0,50000000.0,314178011.0,148478011.0,12606928.0,James L Brooks,"Mark Andrus, James L Brooks","Jack Nicholson, Helen Hunt, Greg Kinnear","Romantic Comedy, Comedy, Drama, Romance",United States,"Khourys Restaurant  110 N Marina Drive, Long Beach, California, USA","TriStar Pictures, Gracie Films",English,0.0,54.0,0.0,as good as it gets,35.0
Steven Soderbergh,1963.0,1963-01-14,"Atlanta, Ga",White,Atheist,Straight,2001.0,Best Director,Traffic,traffic,tt0181865,Traffic,https://www.imdb.com/title/tt0181865,2000.0,2h 27m,R,7.6,223000.0,48000000.0,207515725.0,124115725.0,184725.0,Steven Soderbergh,"Simon Moore, Stephen Gaghan","Michael Douglas, Benicio Del Toro, Catherine ZetaJones","Cop Drama, Drug Crime, Crime, Drama, Thriller","Germany, United States","Cincinnati, Ohio, USA","The Bedford Falls Company, Initial Entertainment Group IEG, USA Films","English, Spanish",0.0,86.0,0.0,traffic,38.0
Tatum O'Neal,1963.0,1963-11-05,"Los Angeles, Ca",White,Unknown,Straight,1974.0,Best Supporting Actress,Paper Moon,paper moon,tt0070510,Paper Moon,https://www.imdb.com/title/tt0070510,1973.0,1h 42m,PG,8.1,54000.0,2500000.0,591.0,,,Peter Bogdanovich,"Joe David Brown, Alvin Sargent","Ryan ONeal, Tatum ONeal, Madeline Kahn","Caper, Road Trip, Comedy, Crime, Drama",United States,"Wilson, Kansas, USA","The Directors Company, Saticoy Productions, Paramount Pictures",English,0.0,10.0,0.0,paper moon,11.0
Juliette Binoche,1964.0,1964-03-09,"Paris, France",White,Unknown,Straight,1997.0,Best Supporting Actress,The English Patient,the english patient,tt0116209,The English Patient,https://www.imdb.com/title/tt0116209,1996.0,2h 42m,R,7.4,207000.0,27000000.0,231976425.0,78676425.0,278439.0,Anthony Minghella,"Michael Ondaatje, Anthony Minghella","Ralph Fiennes, Juliette Binoche, Willem Dafoe","Desert Adventure, Period Drama, Romantic Epic, Steamy Romance, Tragedy, Tragic Romance, Drama, Romance, War","United States, United Kingdom","Mahdia, Tunisia","Miramax, Tiger Moth Productions","English, German, Italian, Arabic",0.0,78.0,0.0,the english patient,33.0
Sandra Bullock,1964.0,1964-07-26,"Arlington, Va",White,Unknown,Straight,2010.0,Best Actress,The Blind Side,the blind side,tt0878804,The Blind Side,https://www.imdb.com/title/tt0878804,2009.0,2h 9m,PG-13,7.6,369000.0,29000000.0,309231694.0,255982860.0,34119372.0,John Lee Hancock,"John Lee Hancock, Michael Lewis","Quinton Aaron, Sandra Bullock, Tim McGraw","Docudrama, Football, Biography, Drama, Sport",United States,"Atlanta International School  2890 N Fulton Drive, Buckhead, Georgia, USA","Alcon Entertainment, 3 Arts Entertainment, Left Tackle Pictures",English,0.0,30.0,0.0,the blind side,46.0
Marisa Tomei,1964.0,1964-12-04,"Brooklyn, Ny",White,Unknown,Straight,1993.0,Best Supporting Actress,My Cousin Vinny,my cousin vinny,tt0104952,My Cousin Vinny,https://www.imdb.com/title/tt0104952,1992.0,2h,R,7.6,147000.0,11000000.0,64088552.0,52929168.0,7416751.0,Jonathan Lynn,Dale Launer,"Joe Pesci, Marisa Tomei, Ralph Macchio","Legal Drama, Comedy, Crime",United States,"Eatonton, Georgia, USA","Twentieth Century Fox, Peter V Miller Investment Corp, Dale Launer Production",English,0.0,6.0,0.0,my cousin vinny,29.0
Russell Crowe,1964.0,1964-04-07,"Wellington, New Zealand",White,Unknown,Straight,2001.0,Best Actor,Gladiator,gladiator,tt0104346,Gladiator,https://www.imdb.com/title/tt0104346,1992.0,1h 41m,R,6.5,11000.0,20000000.0,9223441.0,9223441.0,3305189.0,Rowdy Herrington,"Djordje Milicevic, Robert Mark Kamen, Lyle Kessler","James Marshall, Cuba Gooding Jr, Brian Dennehy","Action, Drama, Sport",United States,"Chicago, Illinois, USA","Columbia Pictures, Price Entertainment",English,0.0,0.0,0.0,gladiator,37.0
Nicolas Cage,1964.0,1964-01-07,"Long Beach, Ca",White,Roman Catholic,Straight,1996.0,Best Actor,Leaving Las Vegas,leaving las vegas,tt0113627,Leaving Las Vegas,https://www.imdb.com/title/tt0113627,1995.0,1h 51m,R,7.5,139000.0,3600000.0,32029928.0,32029928.0,70864.0,Mike Figgis,"John OBrien, Mike Figgis","Nicolas Cage, Elisabeth Shue, Julian Sands","Dark Romance, Psychological Drama, Steamy Romance, Tragedy, Tragic Romance, Drama, Romance",United States,"River Palms Resort Casino  2700 South Casino Drive, Laughlin, Nevada, USA","Lumiere Pictures, Initial Productions","English, Russian",0.0,30.0,0.0,leaving las vegas,32.0
Marlee Matlin,1965.0,1965-08-24,"Morton Grove, Il",White,Jewish,Straight,1987.0,Best Actress,Children of a Lesser God,children of a lesser god,tt0090830,Children of a Lesser God,https://www.imdb.com/title/tt0090830,1986.0,1h 59m,R,7.2,19000.0,10500000.0,31853080.0,31853080.0,1909084.0,Randa Haines,"Mark Medoff, Hesper Anderson, James Carrington","William Hurt, Marlee Matlin, Piper Laurie","Drama, Romance",United States,"Saint John, New Brunswick, Canada",Paramount Pictures,"English, American Sign Language",0.0,13.0,0.0,children of a lesser god,22.0
Sam Mendes,1965.0,1965-08-01,"Reading, Berkshire, England",White,Unknown,Straight,2000.0,Best Director,American Beauty,american beauty,tt0169547,American Beauty,https://www.imdb.com/title/tt0169547,1999.0,2h 2m,R,8.3,12000000.0,15000000.0,356296601.0,130096601.0,861531.0,Sam Mendes,Alan Ball,"Kevin Spacey, Annette Bening, Thora Birch","Psychological Drama, Tragedy, Drama",United States,"Sacramento, California, USA","Dreamworks Pictures, JinksCohen Company",English,0.0,102.0,0.0,american beauty,35.0
Halle Berry,1966.0,1966-08-14,"Cleveland, Oh",Black,Unknown,Straight,2002.0,Best Actress,Monster's Ball,monster's ball,tt0285742,Monster's Ball,https://www.imdb.com/title/tt0285742,2001.0,1h 51m,,7.0,96000.0,4000000.0,45011434.0,31273922.0,110552.0,Marc Forster,"Milo Addica, Will Rokos","Billy Bob Thornton, Halle Berry, Taylor Simpson","Drama, Romance",United States,"Laplace, Louisiana, USA","Lionsgate, Lee Daniels Entertainment",English,0.0,23.0,0.0,monster's ball,36.0
Jamie Foxx,1967.0,1967-12-13,"Terrell, Tx",Black,Baptist,Straight,2005.0,Best Actor,Ray,ray,tt0350258,Ray,https://www.imdb.com/title/tt0350258,2004.0,2h 32m,PG-13,7.7,160000.0,40000000.0,123971376.0,75331600.0,20039730.0,Taylor Hackford,"Taylor Hackford, James L White","Jamie Foxx, Regina King, Kerry Washington","Docudrama, Period Drama, Tragedy, Biography, Drama, Music",United States,"Baton Rouge, Louisiana, USA","Universal Pictures, Bristol Bay Productions, Anvil Films",English,0.0,55.0,0.0,ray,38.0
Nicole Kidman,1967.0,1967-06-20,"Honolulu, Hi",White,Roman Catholic,Straight,2003.0,Best Actress,The Hours,the hours,tt0274558,The Hours,https://www.imdb.com/title/tt0274558,2002.0,1h 50m,PG-13,7.5,143000.0,25000000.0,108846217.0,41675994.0,338622.0,Stephen Daldry,"Michael Cunningham, David Hare","Meryl Streep, Nicole Kidman, Julianne Moore","Tragedy, Drama, Romance",United States,"London, England, UK","Paramount Pictures, Miramax, Scott Rudin Productions",English,0.0,126.0,0.0,the hours,36.0
Mira Sorvino,1967.0,1967-09-28,"Tenafly, Nj",White,Atheist,Straight,1996.0,Best Supporting Actress,Mighty Aphrodite,mighty aphrodite,tt0113819,Mighty Aphrodite,https://www.imdb.com/title/tt0113819,1995.0,1h 35m,R,7.0,44000.0,15000000.0,6468498.0,6468498.0,326494.0,Woody Allen,Woody Allen,"Woody Allen, Mira Sorvino, Pamela Blair","Comedy, Fantasy, Romance",United States,"Taormina, Messina, Sicily, Italy","Sweetland Films, Magnolia Pictures, Miramax","English, Latin",0.0,13.0,0.0,mighty aphrodite,29.0
Philip Seymour Hoffman,1967.0,1967-07-23,"Fairport, Ny",White,Unknown,Straight,2006.0,Best Actor,Capote,capote,tt0379725,Capote,https://www.imdb.com/title/tt0379725,2005.0,1h 54m,R,7.3,144000.0,7000000.0,49327405.0,28750530.0,324857.0,Bennett Miller,"Dan Futterman, Gerald Clarke","Philip Seymour Hoffman, Clifton Collins Jr, Catherine Keener","Docudrama, Period Drama, True Crime, Biography, Crime, Drama, History","United States, Canada","Stony Mountain Penitentiary, Rockwood, Manitoba, Canada","United Artists, Sony Pictures Classics, ALine Pictures",English,0.0,89.0,0.0,capote,39.0
Mo'Nique,1967.0,1967-12-11,"Woodlawn, Md",Black,Unknown,Straight,2010.0,Best Supporting Actress,Precious,precious,tt0929632,Precious,https://www.imdb.com/title/tt0929632,2009.0,1h 50m,Not Rated,7.3,118000.0,10000000.0,63649529.0,47566524.0,1872458.0,Lee Daniels,"Geoffrey Fletcher, Sapphire","Gabourey Sidibe, MoNique, Paula Patton","ComingofAge, Period Drama, Drama",United States,"New York City, New York, USA","Lee Daniels Entertainment, Smokewood Entertainment Group, Lionsgate","English, Italian",0.0,103.0,0.0,precious,43.0
Benicio Del Toro,1967.0,1967-02-19,"Santurce, Puerto Rico",White,Unknown,Straight,2001.0,Best Supporting Actor,Traffic,traffic,tt0181865,Traffic,https://www.imdb.com/title/tt0181865,2000.0,2h 27m,R,7.6,223000.0,48000000.0,207515725.0,124115725.0,184725.0,Steven Soderbergh,"Simon Moore, Stephen Gaghan","Michael Douglas, Benicio Del Toro, Catherine ZetaJones","Cop Drama, Drug Crime, Crime, Drama, Thriller","Germany, United States","Cincinnati, Ohio, USA","The Bedford Falls Company, Initial Entertainment Group IEG, USA Films","English, Spanish",0.0,86.0,0.0,traffic,34.0
Julia Roberts,1967.0,1967-10-28,"Smyrna, Ga",White,Hindu,Straight,2001.0,Best Actress,Erin Brockovich,erin brockovich,tt0195685,Erin Brockovich,https://www.imdb.com/title/tt0195685,2000.0,2h 11m,R,7.5,229000.0,52000000.0,256271286.0,125595205.0,28138465.0,Steven Soderbergh,Susannah Grant,"Julia Roberts, Albert Finney, David Brisbin","Docudrama, Legal Drama, Workplace Drama, Biography, Drama",United States,"Hinkley, California, USA","Universal Pictures, Columbia Pictures, Jersey Films",English,0.0,59.0,0.0,erin brockovich,34.0
Michel Hazanavicius,1967.0,1967-03-29,"Paris, France",White,Jewish,Straight,2012.0,Best Director,The Artist,the artist,tt1655442,The Artist,https://www.imdb.com/title/tt1655442,2011.0,1h 40m,PG-13,7.8,251000.0,,,,,,,,,,,,,0.0,0.0,0.0,the artist,45.0
"Cuba Gooding, Jr.",1968.0,1968-01-02,"Bronx, Ny",Black,Unknown,Straight,1997.0,Best Supporting Actor,Jerry Maguire,jerry maguire,tt0116695,Jerry Maguire,https://www.imdb.com/title/tt0116695,1996.0,2h 19m,R,7.3,294000.0,50000000.0,273552592.0,153952592.0,17084296.0,Cameron Crowe,Cameron Crowe,"Tom Cruise, Cuba Gooding Jr, Rene Zellweger","FeelGood Romance, Football, Romantic Comedy, Workplace Drama, Comedy, Drama, Romance, Sport",United States,"Pacos Tacos  4141 S Centinela Avenue, Culver City, California, USA","TriStar Pictures, Gracie Films","English, American Sign Language",0.0,41.0,0.0,jerry maguire,29.0
Catherine Zeta-Jones,1969.0,1969-09-25,"Mumbles, Wales",White,Roman Catholic,Straight,2003.0,Best Supporting Actress,Chicago,chicago,tt0299658,Chicago,https://www.imdb.com/title/tt0299658,2002.0,1h 53m,PG-13,7.2,248000.0,45000000.0,306777366.0,170687518.0,2074929.0,Rob Marshall,"Bill Condon, Bob Fosse, Fred Ebb","Rene Zellweger, Catherine ZetaJones, Richard Gere","True Crime, Comedy, Crime, Musical","United States, Germany","Ontario Legislature Building, Queens Park, Toronto, Ontario, Canada","Miramax, Producers Circle, Storyline Entertainment","English, Hungarian",0.0,129.0,0.0,chicago,34.0
Javier Bardem,1969.0,1969-03-01,"Las Palmas De Gran Canaria, Canary Islands",White,Unknown,Straight,2008.0,Best Supporting Actor,No Country for Old Men,no country for old men,tt0477348,No Country for Old Men,https://www.imdb.com/title/tt0477348,2007.0,2h 2m,R,8.2,11000000.0,25000000.0,171632777.0,74283625.0,1202000.0,"Ethan Coen, Joel Coen","Joel Coen, Ethan Coen, Cormac McCarthy","Tommy Lee Jones, Javier Bardem, Josh Brolin","Contemporary Western, Serial Killer, Crime, Drama, Thriller",United States,"Marfa, Texas, USA","Paramount Vantage, Miramax, Scott Rudin Productions","English, Spanish",0.0,139.0,0.0,no country for old men,39.0
Matthew McConaughey,1969.0,1969-11-04,"Uvalde, Tx",White,Unknown,Straight,2014.0,Best Actor,Dallas Buyers Club,dallas buyers club,tt0790636,Dallas Buyers Club,https://www.imdb.com/title/tt0790636,2013.0,1h 57m,R,7.9,529000.0,,,,,,,,,,,,,0.0,0.0,0.0,dallas buyers club,45.0
RenÌ©e Zellweger,1969.0,1969-04-25,"Katy, Tx",White,Unknown,Straight,2004.0,Best Supporting Actress,Cold Mountain,cold mountain,tt0159365,Cold Mountain,https://www.imdb.com/title/tt0159365,2003.0,2h 34m,R,7.2,159000.0,79000000.0,173013509.0,95636509.0,14500000.0,Anthony Minghella,"Charles Frazier, Anthony Minghella","Jude Law, Nicole Kidman, Rene Zellweger","Period Drama, Tragic Romance, War Epic, Adventure, Drama, Romance, War","United States, Italy, Romania, United Kingdom","Carpathian Mountains, Romania","Miramax, Mirage Enterprises, Bona Fide Productions",English,0.0,101.0,0.0,cold mountain,35.0
Cate Blanchett,1969.0,1969-05-14,"Melbourne, Victoria, Australia",White,Unknown,Straight,2014.0,Best Actress,Blue Jasmine,blue jasmine,tt2334873,Blue Jasmine,https://www.imdb.com/title/tt2334873,2013.0,1h 38m,PG-13,7.3,215000.0,18000000.0,99104804.0,33405481.0,612064.0,Woody Allen,Woody Allen,"Cate Blanchett, Alec Baldwin, Peter Sarsgaard","Psychological Drama, Tragedy, Comedy, Drama, Romance",United States,"Ocean Beach, San Francisco, California, USA","Gravier Productions, Perdido Productions",English,0.0,83.0,0.0,blue jasmine,45.0
Cate Blanchett,1969.0,1969-05-14,"Melbourne, Victoria, Australia",White,Unknown,Straight,2005.0,Best Supporting Actress,The Aviator,the aviator,tt0338751,The Aviator,https://www.imdb.com/title/tt0338751,2004.0,2h 50m,PG-13,7.5,391000.0,110000000.0,213719942.0,102610330.0,858021.0,Martin Scorsese,John Logan,"Leonardo DiCaprio, Cate Blanchett, Kate Beckinsale","Docudrama, Epic, Period Drama, Biography, Drama","United States, Germany","RMS Queen Mary  1126 Queens Highway, Long Beach, California, USA","Forward Pass, Appian Way, IMF Internationale Medien und Film GmbH  Co 3 Produktions KG","English, Persian",0.0,131.0,0.0,the aviator,36.0
Jennifer Connelly,1970.0,1970-12-12,"Catskill Mountains, Ny",White,Jewish,Straight,2002.0,Best Supporting Actress,A Beautiful Mind,a beautiful mind,tt0268978,A Beautiful Mind,https://www.imdb.com/title/tt0268978,2001.0,2h 15m,PG-13,8.2,1000000.0,58000000.0,316791257.0,170742341.0,367151.0,Ron Howard,"Akiva Goldsman, Sylvia Nasar","Russell Crowe, Ed Harris, Jennifer Connelly","Docudrama, Period Drama, Psychological Drama, Biography, Drama, Mystery",United States,"Manhattan College  Manhattan College Parkway, Riverdale, Manhattan, New York City, New York, USA","Universal Pictures, Dreamworks Pictures, Imagine Entertainment",English,0.0,69.0,0.0,a beautiful mind,32.0
Rachel Weisz,1971.0,1971-03-07,"London, England",White,Jewish,Straight,2006.0,Best Supporting Actress,The Constant Gardener,the constant gardener,tt0387131,The Constant Gardener,https://www.imdb.com/title/tt0387131,2005.0,2h 9m,R,7.3,151000.0,25000000.0,82468097.0,33579797.0,8577000.0,Fernando Meirelles,"Jeffrey Caine, John le Carr","Ralph Fiennes, Rachel Weisz, Danny Huston","Conspiracy Thriller, Political Thriller, Tragedy, Drama, Mystery, Romance, Thriller","United Kingdom, Germany, Kenya, France, United States, Switzerland","Lake Turkana, Kenya","Focus Features, UK Film Council, Potboiler Productions","English, Italian, Swahili, German",0.0,70.0,0.0,the constant gardener,35.0
Jared Leto,1971.0,1971-12-26,"Bossier City, La",White,Unknown,Straight,2014.0,Best Supporting Actor,Dallas Buyers Club,dallas buyers club,tt0790636,Dallas Buyers Club,https://www.imdb.com/title/tt0790636,2013.0,1h 57m,R,7.9,529000.0,,,,,,,,,,,,,0.0,0.0,0.0,dallas buyers club,43.0
Tom Hooper,1972.0,,"London, England",White,Unknown,Na,2011.0,Best Director,The King's Speech,the king's speech,tt1504320,The King's Speech,https://www.imdb.com/title/tt1504320,2010.0,1h 58m,R,8.0,717000.0,15000000.0,472088310.0,138797449.0,355450.0,Tom Hooper,David Seidler,"Colin Firth, Geoffrey Rush, Helena Bonham Carter","Period Drama, Political Drama, Biography, Drama, History","United States, United Kingdom","Elland Road Football Stadium, Elland Road, Beeston, Leeds, West Yorkshire, England, UK","The Weinstein Company, UK Film Council, Momentum Pictures",English,0.0,206.0,0.0,the king's speech,39.0
Octavia Spencer,1972.0,1972-05-25,"Montgomery, Al",Black,Unknown,Na,2012.0,Best Supporting Actress,The Help,the help,tt1454029,The Help,https://www.imdb.com/title/tt1454029,2011.0,2h 26m,PG-13,8.1,506000.0,25000000.0,221802186.0,169708112.0,26044590.0,Tate Taylor,"Tate Taylor, Kathryn Stockett","Viola Davis, Emma Stone, Octavia Spencer","Period Drama, Drama","United States, India","Greenwood, Mississippi, USA","DreamWorks, Dreamworks Pictures, Reliance Film  Entertainment",English,0.0,121.0,0.0,the help,40.0
Gwyneth Paltrow,1972.0,1972-09-27,"Los Angeles, Ca",White,Jewish,Straight,1999.0,Best Actress,Shakespeare in Love,shakespeare in love,tt0138097,Shakespeare in Love,https://www.imdb.com/title/tt0138097,1998.0,2h 3m,R,7.1,237000.0,25000000.0,289317794.0,100317794.0,224012.0,John Madden,"Marc Norman, Tom Stoppard","Gwyneth Paltrow, Joseph Fiennes, Geoffrey Rush","Period Drama, Tragic Romance, Comedy, Drama, History, Romance","United Kingdom, United States","Broughton Castle, Broughton, Banbury, Oxfordshire, England, UK","Universal Pictures, Miramax, The Bedford Falls Company",English,0.0,87.0,0.0,shakespeare in love,27.0
Jean Dujardin,1972.0,1972-06-19,"Rueil-Malmaison, Hauts-De-Seine, France",White,Unknown,Straight,2012.0,Best Actor,The Artist,the artist,tt1655442,The Artist,https://www.imdb.com/title/tt1655442,2011.0,1h 40m,PG-13,7.8,251000.0,,,,,,,,,,,,,0.0,0.0,0.0,the artist,40.0
Adrien Brody,1973.0,1973-04-14,New York City,White,Jewish,Straight,2003.0,Best Actor,The Pianist,the pianist,tt0253474,The Pianist,https://www.imdb.com/title/tt0253474,2002.0,2h 30m,R,8.5,948000.0,35000000.0,120098945.0,32590750.0,111261.0,Roman Polanski,"Ronald Harwood, Wladyslaw Szpilman","Adrien Brody, Thomas Kretschmann, Frank Finlay","Docudrama, Epic, Period Drama, Tragedy, War Epic, Biography, Drama, Music, War","France, Poland, Germany, United Kingdom, United States","Instalatorw, Ochota, Warsaw, Mazowieckie, Poland","RP Productions, Heritage Films, Studio Babelsberg","English, German, Russian",0.0,74.0,0.0,the pianist,30.0
Penelope Cruz,1974.0,1974-04-28,"Madrid, Spain",White,Buddhist,Straight,2009.0,Best Supporting Actress,Vicky Cristina Barcelona,vicky cristina barcelona,tt0497465,Vicky Cristina Barcelona,https://www.imdb.com/title/tt0497465,2008.0,1h 36m,PG-13,7.1,273000.0,15500000.0,96409830.0,23216709.0,3755575.0,Woody Allen,Woody Allen,"Rebecca Hall, Scarlett Johansson, Javier Bardem","Steamy Romance, Comedy, Drama, Romance","Spain, United States","Puerto Olmpico, Barcelona, Barcelona, Catalonia, Spain","The Weinstein Company, Mediapro, Gravier Productions","English, Spanish",0.0,54.0,0.0,vicky cristina barcelona,35.0
Christian Bale,1974.0,1974-01-30,"Haverfordwest, Pembrokeshire, Wales",White,Unknown,Straight,2011.0,Best Supporting Actor,The Fighter,the fighter,tt0964517,The Fighter,https://www.imdb.com/title/tt0964517,2010.0,1h 56m,R,7.8,396000.0,25000000.0,129190869.0,93617009.0,300010.0,David O Russell,"Scott Silver, Paul Tamasy, Eric Johnson","Mark Wahlberg, Christian Bale, Amy Adams","Boxing, Docudrama, Action, Biography, Drama, Sport",United States,"Lowell, Massachusetts, USA","Closest to the Hole Productions, Fighter, Mandeville Films",English,0.0,123.0,0.0,the fighter,37.0
Hilary Swank,1974.0,1974-07-30,"Lincoln, Ne",White,Unknown,Straight,2005.0,Best Actress,Million Dollar Baby,million dollar baby,tt0405159,Million Dollar Baby,https://www.imdb.com/title/tt0405159,2004.0,2h 12m,PG-13,8.1,737000.0,30000000.0,216763646.0,100492203.0,179953.0,Clint Eastwood,"Paul Haggis, FX Toole","Hilary Swank, Clint Eastwood, Morgan Freeman","Boxing, Tragedy, Drama, Sport",United States,"Hollywood Athletic Club  6525 W Sunset Blvd, Hollywood, Los Angeles, California, USA","Warner Bros, Lakeshore Entertainment, Malpaso Productions","English, Irish Gaelic, German",0.0,86.0,0.0,million dollar baby,31.0
Hilary Swank,1974.0,1974-07-30,"Lincoln, Ne",White,Unknown,Straight,2000.0,Best Actress,Boys Don't Cry,boys don't cry,tt0171804,Boys Don't Cry,https://www.imdb.com/title/tt0171804,1999.0,1h 58m,R,7.5,105000.0,2000000.0,11540607.0,11540607.0,73720.0,Kimberly Peirce,"Kimberly Peirce, Andy Bienen","Hilary Swank, Chlo Sevigny, Peter Sarsgaard","ComingofAge, Docudrama, Tragic Romance, True Crime, Biography, Crime, Drama, Romance",United States,"Greenville, Texas, USA","Searchlight Pictures, The Independent Film Channel Productions, Killer Films",English,0.0,39.0,0.0,boys don't cry,26.0
Angelina Jolie,1975.0,1975-06-04,"Los Angeles, Ca",White,Buddhist,Bisexual,2000.0,Best Supporting Actress,"Girl, Interrupted","girl, interrupted",tt0172493,"Girl, Interrupted",https://www.imdb.com/title/tt0172493,1999.0,2h 7m,R,7.3,220000.0,40000000.0,48350205.0,28912646.0,95399.0,James Mangold,"Susanna Kaysen, James Mangold, Lisa Loomer","Winona Ryder, Angelina Jolie, Clea DuVall","ComingofAge, Docudrama, Medical Drama, Period Drama, Psychological Drama, Tragedy, Biography, Drama","United States, Germany","Hanover, Pennsylvania, USA","Columbia Pictures, Red Wagon Entertainment, 3 Arts Entertainment",English,0.0,11.0,0.0,"girl, interrupted",25.0
Marion Cotillard,1975.0,1975-09-30,"Paris, France",White,Unknown,Straight,2008.0,Best Actress,The Passionate Life of Edith Piaf,the passionate life of edith piaf,,,,,,,,,,,,,,,,,,,,,,,,,33.0
Charlize Theron,1975.0,1975-08-07,"Benoni, South Africa",White,Unknown,Straight,2004.0,Best Actress,Monster,monster,tt0340855,Monster,https://www.imdb.com/title/tt0340855,2003.0,1h 49m,R,7.3,166000.0,8000000.0,58469210.0,34469210.0,86831.0,Patty Jenkins,Patty Jenkins,"Charlize Theron, Christina Ricci, Bruce Dern","Serial Killer, Tragedy, True Crime, Biography, Crime, Drama, Thriller","Germany, United States","Casselberry, Florida, USA","Media 8 Entertainment, Newmarket Films, DEJ Productions",English,0.0,26.0,0.0,monster,29.0
Kate Winslet,1975.0,1975-10-05,"Reading, England",White,Unknown,Straight,2009.0,Best Actress,The Reader,the reader,tt0976051,The Reader,https://www.imdb.com/title/tt0976051,2008.0,2h 4m,R,7.6,266000.0,32000000.0,108902486.0,34194407.0,168051.0,Stephen Daldry,"David Hare, Bernhard Schlink","Kate Winslet, Ralph Fiennes, Bruno Ganz","Steamy Romance, Drama, Mystery, Romance","Germany, United States","Kirnitzschtal, Schsische Schweiz, Saxony, Germany","The Weinstein Company, Mirage Enterprises, Studio Babelsberg","English, German, Greek, Latin",0.0,48.0,0.0,the reader,34.0
Reese Witherspoon,1976.0,1976-03-22,"New Orleans, La",White,Unknown,Straight,2006.0,Best Actress,Walk the Line,walk the line,tt0358273,Walk the Line,https://www.imdb.com/title/tt0358273,2005.0,2h 16m,PG-13,7.8,271000.0,28000000.0,186797986.0,119519402.0,22347341.0,James Mangold,"Johnny Cash, Gill Dennis, James Mangold","Joaquin Phoenix, Reese Witherspoon, Ginnifer Goodwin","Docudrama, Period Drama, Tragic Romance, Biography, Drama, Music, Romance","Germany, United States","Mississippi, USA","Fox 2000 Pictures, Tree Line Film, Konrad Pictures","English, Russian",0.0,48.0,0.0,walk the line,30.0
Heath Ledger,1979.0,1979-04-04,"Perth, Australia",White,Unknown,Straight,2009.0,Best Supporting Actor,The Dark Knight,the dark knight,tt0468569,The Dark Knight,https://www.imdb.com/title/tt0468569,2008.0,2h 32m,PG-13,9.0,3000000.0,185000000.0,1009053678.0,534987076.0,158411483.0,Christopher Nolan,"Jonathan Nolan, Christopher Nolan, David S Goyer","Christian Bale, Heath Ledger, Aaron Eckhart","Action Epic, Epic, Superhero, Action, Crime, Drama, Thriller","United States, United Kingdom","Chicago, Illinois, USA","Warner Bros, Legendary Entertainment, Syncopy","English, Mandarin",0.0,164.0,0.0,the dark knight,30.0
Jennifer Hudson,1981.0,1981-09-12,"Chicago, Il",Black,Baptist,Straight,2007.0,Best Supporting Actress,Dreamgirls,dreamgirls,tt0443489,Dreamgirls,https://www.imdb.com/title/tt0443489,2006.0,2h 10m,PG-13,6.6,78000.0,70000000.0,155456301.0,103365956.0,378950.0,Bill Condon,"Tom Eyen, Bill Condon","Beyonc, Jamie Foxx, Eddie Murphy","Period Drama, Drama, Musical",United States,"Los Angeles Center Studios  450 S Bixel Street, Downtown, Los Angeles, California, USA","Dreamworks Pictures, Paramount Pictures, Laurence Mark Productions",English,0.0,93.0,0.0,dreamgirls,26.0
Natalie Portman,1981.0,1981-06-09,"Jerusalem, Israel",White,Jewish,Straight,2011.0,Best Actress,Black Swan,black swan,tt0947798,Black Swan,https://www.imdb.com/title/tt0947798,2010.0,1h 48m,R,8.0,847000.0,13000000.0,329398046.0,106954678.0,1443809.0,Darren Aronofsky,"Mark Heyman, Andres Heinz, John J McLaughlin","Natalie Portman, Mila Kunis, Vincent Cassel","Psychological Drama, Psychological Thriller, Drama, Thriller",United States,"The Concert Hall, Performing Arts Center, Purchase College, State University Of New York at Purchase, Purchase, New York, USA","Searchlight Pictures, Cross Creek Pictures, Protozoa Pictures","English, French, Italian",0.0,279.0,0.0,black swan,30.0
Anne Hathaway,1982.0,1982-11-12,"Brooklyn, Ny",White,Christian,Straight,2013.0,Best Supporting Actress,Les MisÌ©rables,les misì©rables,,,,,,,,,,,,,,,,,,,,,,,,,31.0
Anna Paquin,1982.0,1982-07-24,"Winnipeg, Manitoba, Canada",White,Unknown,Bisexual,1994.0,Best Supporting Actress,The Piano,the piano,tt0107822,The Piano,https://www.imdb.com/title/tt0107822,1993.0,2h 1m,R,7.5,97000.0,7000000.0,40185556.0,40157856.0,151419.0,Jane Campion,Jane Campion,"Holly Hunter, Harvey Keitel, Sam Neill","Period Drama, Steamy Romance, Drama, Music, Romance","New Zealand, Australia, France","Auckland, New Zealand","CiBy 2000, Jan Chapman Productions, The Australian Film Commission","English, British Sign Language, Maori",0.0,57.0,0.0,the piano,12.0
Lupita Nyong'o,1983.0,1983-03-01,"Mexico City, Mexico",Black,Unknown,Na,2014.0,Best Supporting Actress,12 Years a Slave,12 years a slave,tt2024544,12 Years a Slave,https://www.imdb.com/title/tt2024544,2013.0,2h 14m,R,8.1,756000.0,20000000.0,187734091.0,56671993.0,923715.0,Steve McQueen,"John Ridley, Solomon Northup","Chiwetel Ejiofor, Michael Kenneth Williams, Michael Fassbender","Costume Drama, Docudrama, Epic, Period Drama, Tragedy, Biography, Drama, History","United Kingdom, United States","Madame Johns Legacy, the French Quarter, New Orleans, Louisiana, USA","New Regency Productions, River Road Entertainment, Plan B Entertainment",English,0.0,337.0,0.0,12 years a slave,31.0
Jennifer Lawrence,1990.0,1990-08-15,"Louisville, Ky",White,Unknown,Na,2013.0,Best Actress,Silver Linings Playbook,silver linings playbook,tt1045658,Silver Linings Playbook,https://www.imdb.com/title/tt1045658,2012.0,2h 2m,R,7.7,754000.0,,,,,,,,,,,,,0.0,0.0,0.0,silver linings playbook,23.0
Eddie Redmayne,1982.0,,,White,Unknown,Straight,2015.0,Best Actor,The Theory of Everything,the theory of everything,tt2980516,The Theory of Everything,https://www.imdb.com/title/tt2980516,2014.0,2h 3m,PG-13,7.7,491000.0,15000000.0,123726688.0,35893537.0,208763.0,James Marsh,"Anthony McCarten, Jane Hawking","Eddie Redmayne, Felicity Jones, Tom Prior","Docudrama, Medical Drama, Biography, Drama, Romance","United Kingdom, Japan, United States","Cambridge, Cambridgeshire, England, UK","Working Title Films, Dentsu Motion Pictures, Fuji Television Network Fuji TV","English, French, Ukrainian",0.0,126.0,0.0,the theory of everything,33.0
J.K. Simmons,1955.0,,,White,Unknown,Straight,2015.0,Best Supporting Actor,Whiplash,whiplash,tt2582802,Whiplash,https://www.imdb.com/title/tt2582802,2014.0,1h 46m,R,8.5,1000000.0,3300000.0,50360880.0,14003391.0,135388.0,Damien Chazelle,Damien Chazelle,"Miles Teller, JK Simmons, Melissa Benoist","Psychological Drama, Drama, Music",United States,"Santa Clarita, California, USA","Bold Films, Blumhouse Productions, Right of Way Films",English,0.0,144.0,0.0,whiplash,60.0
Julianne Moore,1960.0,,,White,Unknown,Straight,2015.0,Best Actress,Still Alice,still alice,tt3316960,Still Alice,https://www.imdb.com/title/tt3316960,2014.0,1h 41m,PG-13,7.5,146000.0,5000000.0,44779195.0,18754371.0,197000.0,"Richard Glatzer, Wash Westmoreland","Richard Glatzer, Wash Westmoreland, Lisa Genova","Julianne Moore, Alec Baldwin, Kristen Stewart",Drama,"United States, United Kingdom, France","Lido Beach, New York, USA","BSM Studio, LutzusBrown, Killer Films",English,0.0,35.0,0.0,still alice,55.0
Patricia Arquette,1968.0,,,White,Unknown,Straight,2015.0,Best Supporting Actress,Boyhood,boyhood,tt1065073,Boyhood,https://www.imdb.com/title/tt1065073,2014.0,2h 45m,R,7.9,373000.0,4000000.0,48137666.0,25352281.0,387618.0,Richard Linklater,Richard Linklater,"Ellar Coltrane, Patricia Arquette, Ethan Hawke","ComingofAge, Drama",United States,"Austin, Texas, USA","IFC Productions, Detour Filmproduction","English, Spanish, Ukrainian, Arabic",0.0,218.0,0.0,boyhood,47.0
Alejandro G. Iñárritu,1963.0,,,White,Unknown,Straight,2015.0,Best Director,Birdman or (The Unexpected Virtue of Ignorance),birdman or (the unexpected virtue of ignorance),tt2562232,Birdman or (The Unexpected Virtue of Ignorance),https://www.imdb.com/title/tt2562232,2014.0,1h 59m,R,7.7,677000.0,18000000.0,103215094.0,42340598.0,424397.0,Alejandro G Irritu,"Alejandro G Irritu, Nicols Giacobone, Alexander Dinelaris","Michael Keaton, Zach Galifianakis, Edward Norton","Dark Comedy, Satire, Showbiz Drama, Workplace Drama, Comedy, Drama",United States,"Rum House, Hotel Edison  228W, 47th Street, Manhattan, New York City, New York, USA","New Regency Productions, M Productions, Le Grisbi Productions",English,0.0,295.0,0.0,birdman or (the unexpected virtue of ignorance),52.0
Leonardo DiCaprio,1974.0,,,White,Unknown,Straight,2016.0,Best Actor,The Revenant,the revenant,tt1663202,The Revenant,https://www.imdb.com/title/tt1663202,2015.0,2h 36m,R,8.0,898000.0,135000000.0,532950503.0,183637894.0,474560.0,Alejandro G Irritu,"Mark L Smith, Alejandro G Irritu, Michael Punke","Leonardo DiCaprio, Tom Hardy, Will Poulter","Epic, Period Drama, Survival, Western Epic, Action, Adventure, Drama, Western","United States, Hong Kong, Taiwan, Argentina","Ushuaia, Tierra del Fuego, Argentina","New Regency Productions, RatPac Entertainment, New Regency Productions","English, Pawnee, French",0.0,193.0,0.0,the revenant,42.0
Mark Rylance,1960.0,,,White,Unknown,Straight,2016.0,Best Supporting Actor,Bridge of Spies,bridge of spies,tt3682448,Bridge of Spies,https://www.imdb.com/title/tt3682448,2015.0,2h 22m,PG-13,7.6,333000.0,40000000.0,165478348.0,72313754.0,15371203.0,Steven Spielberg,"Matt Charman, Ethan Coen, Joel Coen","Tom Hanks, Mark Rylance, Alan Alda","Legal Drama, Legal Thriller, Period Drama, Political Drama, Political Thriller, Spy, Drama, History, Thriller, War","United States, India, Germany","Wroclaw, Dolnoslaskie, Poland","Dreamworks Pictures, Fox 2000 Pictures, Reliance Entertainment","English, German, Russian",0.0,104.0,0.0,bridge of spies,56.0
Brie Larson,1989.0,,,White,Unknown,Straight,2016.0,Best Actress,Room,room,tt0417096,Room,https://www.imdb.com/title/tt0417096,2005.0,1h 15m,Not Rated,4.4,457.0,,5228.0,5228.0,1840.0,Kyle Henry,Kyle Henry,"Cyndi Williams, Kenneth Wayne Bradley, Alex Kiester","Psychological Drama, Drama, Mystery",United States,"Austin, Texas, USA","CHundred Film Corporation, The 7th Floor",English,0.0,4.0,0.0,room,27.0
Alicia Vikander,1988.0,,,White,Unknown,Straight,2016.0,Best Supporting Actress,The Danish Girl,the danish girl,tt0810819,The Danish Girl,https://www.imdb.com/title/tt0810819,2015.0,1h 59m,R,7.1,202000.0,15000000.0,64191523.0,11114018.0,187318.0,Tom Hooper,"Lucinda Coxon, David Ebershoff","Eddie Redmayne, Alicia Vikander, Amber Heard","Biography, Drama","United Kingdom, United States, Germany, Denmark, Belgium, Japan","Caf La Mort Subite, Brussels, Belgium","Working Title Films, Pretty Pictures, ReVision Pictures","English, French, German, Ukrainian",0.0,80.0,0.0,the danish girl,28.0
Alejandro G. Iñárritu,1963.0,,,White,Unknown,Straight,2016.0,Best Director,The Revenant,the revenant,tt1663202,The Revenant,https://www.imdb.com/title/tt1663202,2015.0,2h 36m,R,8.0,898000.0,135000000.0,532950503.0,183637894.0,474560.0,Alejandro G Irritu,"Mark L Smith, Alejandro G Irritu, Michael Punke","Leonardo DiCaprio, Tom Hardy, Will Poulter","Epic, Period Drama, Survival, Western Epic, Action, Adventure, Drama, Western","United States, Hong Kong, Taiwan, Argentina","Ushuaia, Tierra del Fuego, Argentina","New Regency Productions, RatPac Entertainment, New Regency Productions","English, Pawnee, French",0.0,193.0,0.0,the revenant,53.0
Casey Affleck,1975.0,,,White,Unknown,Straight,2017.0,Best Actor,Manchester by the Sea,manchester by the sea,tt4034228,Manchester by the Sea,https://www.imdb.com/title/tt4034228,2016.0,2h 17m,R,7.8,326000.0,9000000.0,78988148.0,47695371.0,256498.0,Kenneth Lonergan,Kenneth Lonergan,"Casey Affleck, Michelle Williams, Kyle Chandler","Psychological Drama, Tragedy, Drama",United States,"ManchesterbytheSea, Massachusetts, USA","Amazon Studios, K Period Media, Pearl Street Films",English,0.0,268.0,0.0,manchester by the sea,42.0
Mahershala Ali,1974.0,,,Black,Unknown,Straight,2017.0,Best Supporting Actor,Moonlight,moonlight,tt4975722,Moonlight,https://www.imdb.com/title/tt4975722,2016.0,1h 51m,R,7.4,338000.0,4000000.0,65172611.0,27854932.0,402075.0,Barry Jenkins,"Barry Jenkins, Tarell Alvin McCraney","Mahershala Ali, Naomie Harris, Trevante Rhodes","ComingofAge, Drama",United States,"Miramar High School, Miramar, Florida, USA","A24, Plan B Entertainment, PASTEL",English,0.0,310.0,0.0,moonlight,43.0
Emma Stone,1988.0,,,White,Unknown,Straight,2017.0,Best Actress,La La Land,la la land,tt3783958,La La Land,https://www.imdb.com/title/tt3783958,2016.0,2h 8m,PG-13,8.0,703000.0,30000000.0,509183536.0,151101803.0,881104.0,Damien Chazelle,Damien Chazelle,"Ryan Gosling, Emma Stone, Rosemarie DeWitt","Pop Musical, Showbiz Drama, Comedy, Drama, Music, Musical, Romance","United States, Hong Kong","Griffith Observatory  2800 E Observatory Rd, Los Angeles, California, USA","Summit Entertainment, Black Label Media, TIK Films","English, Cantonese",0.0,307.0,0.0,la la land,29.0
Viola Davis,1965.0,,,Black,Unknown,Straight,2017.0,Best Supporting Actress,Fences,fences,tt2671706,Fences,https://www.imdb.com/title/tt2671706,2016.0,2h 19m,PG-13,7.2,121000.0,24000000.0,64414761.0,57682904.0,129462.0,Denzel Washington,August Wilson,"Denzel Washington, Viola Davis, Stephen McKinley Henderson","Period Drama, Drama","United States, Canada","Pittsburgh, Pennsylvania, USA","BRON Studios, Escape Artists, MACRO",English,0.0,122.0,0.0,fences,52.0
Damien Chazelle,1985.0,,,White,Unknown,Straight,2017.0,Best Director,La La Land,la la land,tt3783958,La La Land,https://www.imdb.com/title/tt3783958,2016.0,2h 8m,PG-13,8.0,703000.0,30000000.0,509183536.0,151101803.0,881104.0,Damien Chazelle,Damien Chazelle,"Ryan Gosling, Emma Stone, Rosemarie DeWitt","Pop Musical, Showbiz Drama, Comedy, Drama, Music, Musical, Romance","United States, Hong Kong","Griffith Observatory  2800 E Observatory Rd, Los Angeles, California, USA","Summit Entertainment, Black Label Media, TIK Films","English, Cantonese",0.0,307.0,0.0,la la land,32.0
Gary Oldman,1958.0,,,White,Unknown,Straight,2018.0,Best Actor,Darkest Hour,darkest hour,tt4555426,Darkest Hour,https://www.imdb.com/title/tt4555426,2017.0,2h 5m,PG-13,7.4,227000.0,30000000.0,150847274.0,56468410.0,175006.0,Joe Wright,Anthony McCarten,"Gary Oldman, Lily James, Kristin Scott Thomas","Period Drama, Political Drama, Drama, War","United Kingdom, United States, China","Wentworth Woodhouse, Wentworth, Rotherham, South Yorkshire, England, UK","Focus Features, Perfect World Pictures, Pin3hot","English, French, German, Italian",0.0,81.0,0.0,darkest hour,60.0
Sam Rockwell,1968.0,,,White,Unknown,Straight,2018.0,Best Supporting Actor,"Three Billboards outside Ebbing, Missouri","three billboards outside ebbing, missouri",tt5027774,"Three Billboards Outside Ebbing, Missouri",https://www.imdb.com/title/tt5027774,2017.0,1h 55m,R,8.1,572000.0,15000000.0,162729321.0,54513740.0,322168.0,Martin McDonagh,Martin McDonagh,"Frances McDormand, Woody Harrelson, Sam Rockwell","Dark Comedy, Satire, Comedy, Crime, Drama","United Kingdom, United States","Black Mountain, North Carolina, USA","Blueprint Pictures, Film4, Searchlight Pictures",English,0.0,233.0,0.0,"three billboards outside ebbing, missouri",50.0
Frances McDormand,1957.0,,,White,Unknown,Straight,2018.0,Best Actress,"Three Billboards outside Ebbing, Missouri","three billboards outside ebbing, missouri",tt5027774,"Three Billboards Outside Ebbing, Missouri",https://www.imdb.com/title/tt5027774,2017.0,1h 55m,R,8.1,572000.0,15000000.0,162729321.0,54513740.0,322168.0,Martin McDonagh,Martin McDonagh,"Frances McDormand, Woody Harrelson, Sam Rockwell","Dark Comedy, Satire, Comedy, Crime, Drama","United Kingdom, United States","Black Mountain, North Carolina, USA","Blueprint Pictures, Film4, Searchlight Pictures",English,0.0,233.0,0.0,"three billboards outside ebbing, missouri",61.0
Allison Janney,1959.0,,,White,Unknown,Straight,2018.0,Best Supporting Actress,"I, Tonya","i, tonya",tt5580036,"I, Tonya",https://www.imdb.com/title/tt5580036,2017.0,1h 59m,R,7.5,250000.0,11000000.0,53939297.0,30014539.0,264155.0,Craig Gillespie,Steven Rogers,"Margot Robbie, Sebastian Stan, Allison Janney","Dark Comedy, Docudrama, Period Drama, Biography, Comedy, Drama, Sport","United States, United Kingdom, Qatar","Macon Centreplex, Macon, Georgia, USA","AIFilm, Clubhouse Pictures II, Georgia Film, Music  Digital Entertainment Office",English,0.0,127.0,0.0,"i, tonya",59.0
Guillermo del Toro,1964.0,,,White,Unknown,Straight,2018.0,Best Director,The Shape of Water,the shape of water,tt5580390,The Shape of Water,https://www.imdb.com/title/tt5580390,2017.0,2h 3m,R,7.3,456000.0,19400000.0,195243464.0,63859435.0,166564.0,Guillermo del Toro,"Guillermo del Toro, Vanessa Taylor","Sally Hawkins, Octavia Spencer, Michael Shannon","Dark Fantasy, Dark Romance, Fairy Tale, Drama, Fantasy, Romance, SciFi","United States, Mexico","Hamilton, Ontario, Canada","Double Dare You DDY, Fox Searchlight Pictures, TSG Entertainment","English, American Sign Language, Russian, French",0.0,350.0,0.0,the shape of water,54.0
Rami Malek,1981.0,,,White,Unknown,Straight,2019.0,Best Actor,Bohemian Rhapsody,bohemian rhapsody,tt1727824,Bohemian Rhapsody,https://www.imdb.com/title/tt1727824,2018.0,2h 14m,PG-13,7.9,613000.0,52000000.0,910813521.0,216668042.0,51061119.0,Bryan Singer,"Anthony McCarten, Peter Morgan","Rami Malek, Lucy Boynton, Gwilym Lee","Docudrama, Period Drama, Showbiz Drama, Biography, Drama, Music","United Kingdom, United States","Bovingdon Airfield, Chesham Road, Bovingdon, Hemel Hempstead, Hertfordshire, UK","Twentieth Century Fox, Regency Enterprises, GK Films","English, British Sign Language",0.0,81.0,0.0,bohemian rhapsody,38.0
Mahershala Ali,1974.0,,,Black,Unknown,Straight,2019.0,Best Supporting Actor,Green Book,green book,tt6966692,Green Book,https://www.imdb.com/title/tt6966692,2018.0,2h 10m,PG-13,8.2,614000.0,23000000.0,321752656.0,85080171.0,320429.0,Peter Farrelly,"Nick Vallelonga, Brian Hayes Currie, Peter Farrelly","Viggo Mortensen, Mahershala Ali, Linda Cardellini","Docudrama, Period Drama, Road Trip, Biography, Comedy, Drama, Music","United States, China","Houmas House Plantation, Burnside, Louisiana, USA","Participant, Dreamworks Pictures, Innisfree Pictures","English, Italian, Russian, German",0.0,123.0,0.0,green book,45.0
Olivia Colman,1974.0,,,White,Unknown,Straight,2019.0,Best Actress,The Favourite,the favourite,tt5083738,The Favourite,https://www.imdb.com/title/tt5083738,2018.0,1h 59m,R,7.5,244000.0,15000000.0,95918706.0,34366783.0,422410.0,Yorgos Lanthimos,"Deborah Davis, Tony McNamara","Olivia Colman, Emma Stone, Rachel Weisz","Dark Comedy, Period Drama, Biography, Comedy, Drama, History","Ireland, United Kingdom, United States","Hampton Court Palace, East Molesey, Surrey, England, UK","Fox Searchlight Pictures, Film4, Waypoint Entertainment",English,0.0,358.0,0.0,the favourite,45.0
Regina King,1971.0,,,Black,Unknown,Straight,2019.0,Best Supporting Actress,If Beale Street Could Talk,if beale street could talk,tt7125860,If Beale Street Could Talk,https://www.imdb.com/title/tt7125860,2018.0,1h 59m,R,7.1,53000.0,12000000.0,20596567.0,14915773.0,224476.0,Barry Jenkins,"Barry Jenkins, James Baldwin","KiKi Layne, Stephan James, Regina King","Drama, Romance",United States,"New York City, New York, USA","Annapurna Pictures, Plan B Entertainment, PASTEL","English, Spanish",0.0,197.0,0.0,if beale street could talk,48.0
Alfonso Cuarón,1961.0,,,White,Unknown,Straight,2019.0,Best Director,Roma,roma,tt0069191,Roma,https://www.imdb.com/title/tt0069191,1972.0,2h,R,7.3,14000.0,,807.0,,,Federico Fellini,"Federico Fellini, Bernardino Zapponi","Britta Barnes, Peter Gonzales Falcon, Fiona Florence","Satire, Comedy, Drama","Italy, France","Rome, Lazio, Italy","Ultra Film, Les Productions Artistes Associs","Italian, German, English, French, Latin, Spanish",0.0,3.0,1.0,roma,58.0
Joaquin Phoenix,1974.0,,,White,Unknown,Straight,2020.0,Best Actor,Joker,joker,tt7286456,Joker,https://www.imdb.com/title/tt7286456,2019.0,2h 2m,R,8.3,16000000.0,55000000.0,1078958629.0,335477657.0,96202337.0,Todd Phillips,"Todd Phillips, Scott Silver, Bob Kane","Joaquin Phoenix, Robert De Niro, Zazie Beetz","Psychological Drama, Psychological Thriller, Tragedy, Crime, Drama, Thriller","United States, Canada, Australia","1150 Anderson Ave, The Bronx, New York City, New York, USA","Warner Bros, Village Roadshow Pictures, BRON Studios","English, German",0.0,247.0,0.0,joker,46.0
Brad Pitt,1963.0,,,White,Unknown,Straight,2020.0,Best Supporting Actor,Once upon a Time...in Hollywood,once upon a time...in hollywood,,,,,,,,,,,,,,,,,,,,,,,,,57.0
Renée Zellweger,1969.0,,,White,Unknown,Straight,2020.0,Best Actress,Judy,judy,tt0222078,Judy,https://www.imdb.com/title/tt0222078,1970.0,1h 15m,R,3.8,78.0,,,,,"David W Hanson, George Meadows","George Mead, George Meadows","Dave Haller, Sandy OHara, Garry Achzieger","Crime, Drama",United States,"Boston, Massachusetts, USA",,English,0.0,0.0,0.0,judy,51.0
Laura Dern,1967.0,,,White,Unknown,Straight,2020.0,Best Supporting Actress,Marriage Story,marriage story,,,,,,,,,,,,,,,,,,,,,,,,,53.0
Bong Joon Ho,1969.0,,,Asian,Unknown,Straight,2020.0,Best Director,Parasite,parasite,tt6751668,Parasite,https://www.imdb.com/title/tt6751668,2019.0,2h 12m,R,8.5,1000000.0,11400000.0,262129969.0,53369749.0,393216.0,Bong Joon Ho,"Bong Joon Ho, Han Jinwon","Song Kangho, Lee Sunkyun, Cho Yeojeong","Dark Comedy, Korean Drama, Psychological Thriller, Tragedy, Drama, Thriller",South Korea,"Jahamunro, Buamdong, Jongnogu, Seoul, South Korea","CJ Entertainment, Barunson EA","Korean, English",0.0,266.0,0.0,parasite,51.0
Anthony Hopkins,1937.0,,,White,Unknown,Straight,2021.0,Best Actor,The Father,the father,tt10272386,The Father,https://www.imdb.com/title/tt10272386,2020.0,1h 37m,PG-13,8.2,206000.0,6000000.0,24048935.0,2122771.0,,Florian Zeller,"Christopher Hampton, Florian Zeller","Anthony Hopkins, Olivia Colman, Mark Gatiss","Psychological Drama, Drama, Mystery","United Kingdom, France, United States","Blythe House, 23 Blythe Road, West Kensington, London, Greater London, England, UK","Les Films du Cru, Film4, Orange Studio",English,0.0,169.0,0.0,the father,84.0
Daniel Kaluuya,1989.0,,,Black,Unknown,Straight,2021.0,Best Supporting Actor,Judas and the Black Messiah,judas and the black messiah,tt9784798,Judas and the Black Messiah,https://www.imdb.com/title/tt9784798,2021.0,2h 6m,R,7.4,94000.0,26000000.0,7478009.0,5478009.0,2027076.0,Shaka King,"Will Berson, Shaka King, Kenneth Lucas","LaKeith Stanfield, Daniel Kaluuya, Jesse Plemons","Political Drama, Biography, Drama, History",United States,"Cleveland, Ohio, USA","BRON Studios, Bron Creative, MACRO",English,0.0,90.0,0.0,judas and the black messiah,32.0
Frances McDormand,1957.0,,,White,Unknown,Straight,2021.0,Best Actress,Nomadland,nomadland,tt9770150,Nomadland,https://www.imdb.com/title/tt9770150,2020.0,1h 47m,R,7.3,190000.0,5000000.0,39458207.0,3700000.0,503000.0,Chlo Zhao,"Chlo Zhao, Jessica Bruder","Frances McDormand, David Strathairn, Linda May","Road Trip, Tragedy, Drama",United States,"Badlands National Park, South Dakota, USA","Searchlight Pictures, Cor Cordium, HearSay Productions",English,0.0,156.0,0.0,nomadland,64.0
Yuh-Jung Youn,1947.0,,,Asian,Unknown,Straight,2021.0,Best Supporting Actress,Minari,minari,tt10633456,Minari,https://www.imdb.com/title/tt10633456,2020.0,1h 55m,PG-13,7.4,102000.0,2000000.0,15288578.0,3110580.0,193460.0,Lee Isaac Chung,Lee Isaac Chung,"Steven Yeun, Han Yeri, Alan Kim","Docudrama, Drama",United States,"Tulsa, Oklahoma, USA","A24, Plan B Entertainment","Korean, English",0.0,245.0,0.0,minari,74.0
Chloé Zhao,1982.0,,,Asian,Unknown,Straight,2021.0,Best Director,Nomadland,nomadland,tt9770150,Nomadland,https://www.imdb.com/title/tt9770150,2020.0,1h 47m,R,7.3,190000.0,5000000.0,39458207.0,3700000.0,503000.0,Chlo Zhao,"Chlo Zhao, Jessica Bruder","Frances McDormand, David Strathairn, Linda May","Road Trip, Tragedy, Drama",United States,"Badlands National Park, South Dakota, USA","Searchlight Pictures, Cor Cordium, HearSay Productions",English,0.0,156.0,0.0,nomadland,39.0
Will Smith,1968.0,,,Black,Unknown,Straight,2022.0,Best Actor,King Richard,king richard,tt9620288,King Richard,https://www.imdb.com/title/tt9620288,2021.0,2h 24m,PG-13,7.5,144000.0,50000000.0,39529285.0,15129285.0,5406033.0,Reinaldo Marcus Green,Zach Baylin,"Will Smith, Aunjanue EllisTaylor, Jon Bernthal","Docudrama, Biography, Drama, Sport","United States, Australia","Claremont Club, Claremont, California, USA","Warner Bros, Star Thrower Entertainment, Westbrook Studios","English, Spanish",0.0,137.0,0.0,king richard,54.0
Troy Kotsur,1968.0,,,White,Unknown,Straight,2022.0,Best Supporting Actor,CODA,coda,tt10366460,CODA,https://www.imdb.com/title/tt10366460,2021.0,1h 51m,PG-13,8.0,173000.0,10000000.0,1905058.0,,,Sian Heder,"Sian Heder, Victoria Bedos, Stanislas Carr de Malberg","Emilia Jones, Marlee Matlin, Troy Kotsur","ComingofAge, Comedy, Drama, Music","France, Canada, United States","Gloucester, Massachusetts, USA","Apple Original Films, Vendme Pictures, Path Films","American Sign Language, English",0.0,147.0,0.0,coda,54.0
Jessica Chastain,1977.0,,,White,Unknown,Straight,2022.0,Best Actress,The Eyes of Tammy Faye,the eyes of tammy faye,tt0233687,The Eyes of Tammy Faye,https://www.imdb.com/title/tt0233687,2000.0,1h 19m,PG-13,7.2,22000.0,,1029591.0,1029591.0,,"Fenton Bailey, Randy Barbato",,"RuPaul, Tammy Faye Bakker, Virginia Fairchild","Faith  Spirituality Documentary, Biography, Documentary","United Kingdom, United States","International Falls, Minnesota, USA","Cinemax, FilmFour, World of Wonder Productions",English,0.0,6.0,0.0,the eyes of tammy faye,45.0
Ariana DeBose,1991.0,,,Black,Unknown,Bisexual,2022.0,Best Supporting Actress,West Side Story,west side story,tt3581652,West Side Story,https://www.imdb.com/title/tt3581652,2021.0,2h 36m,PG-13,7.1,99000.0,100000000.0,76016171.0,38530322.0,10574618.0,Steven Spielberg,"Tony Kushner, Arthur Laurents","Ansel Elgort, Rachel Zegler, Ariana DeBose","Crime, Drama, Musical, Romance","United States, Canada, United Kingdom","Paterson, New Jersey, USA","20th Century Studios, Amblin Entertainment, Amblin Partners","English, Spanish",0.0,301.0,0.0,west side story,31.0
Jane Campion,1954.0,,,White,Unknown,Straight,2022.0,Best Director,The Power of the Dog,the power of the dog,tt10293406,The Power of the Dog,https://www.imdb.com/title/tt10293406,2021.0,2h 6m,R,6.8,198000.0,35000000.0,271009.0,,,Jane Campion,"Jane Campion, Thomas Savage","Benedict Cumberbatch, Kirsten Dunst, Jesse Plemons","Period Drama, Psychological Drama, Drama, Western","New Zealand, United Kingdom, Canada, Australia, United States","Dunedin, New Zealand","New Zealand Film Commission, Cross City Films, BBC Film",English,0.0,320.0,0.0,the power of the dog,68.0
Brendan Fraser,1968.0,,,White,Unknown,Straight,2023.0,Best Actor,The Whale,the whale,tt13833688,The Whale,https://www.imdb.com/title/tt13833688,2022.0,1h 57m,R,7.6,234000.0,10000000.0,57615635.0,17463630.0,332152.0,Darren Aronofsky,Samuel D Hunter,"Brendan Fraser, Sadie Sink, Ty Simpkins","Epic, Psychological Drama, Tragedy, Drama",United States,"Newburgh, New York, USA","A24, Protozoa Pictures",English,0.0,122.0,0.0,the whale,55.0
Ke Huy Quan,1971.0,,,Asian,Unknown,Straight,2023.0,Best Supporting Actor,Everything Everywhere All at Once,everything everywhere all at once,tt6710474,Everything Everywhere All at Once,https://www.imdb.com/title/tt6710474,2022.0,2h 19m,R,7.8,564000.0,14300000.0,143412671.0,77191785.0,501305.0,"Daniel Kwan, Daniel Scheinert","Daniel Kwan, Daniel Scheinert","Michelle Yeoh, Stephanie Hsu, Jamie Lee Curtis","Adventure Epic, Dark Comedy, Martial Arts, SciFi Epic, Action, Adventure, Comedy, Fantasy, SciFi",United States,"400 National Way, Simi Valley, California, USA","A24, IAC Films, AGBO","English, Mandarin, Cantonese",0.0,394.0,0.0,everything everywhere all at once,52.0
Michelle Yeoh,1962.0,,,Asian,Unknown,Straight,2023.0,Best Actress,Everything Everywhere All at Once,everything everywhere all at once,tt6710474,Everything Everywhere All at Once,https://www.imdb.com/title/tt6710474,2022.0,2h 19m,R,7.8,564000.0,14300000.0,143412671.0,77191785.0,501305.0,"Daniel Kwan, Daniel Scheinert","Daniel Kwan, Daniel Scheinert","Michelle Yeoh, Stephanie Hsu, Jamie Lee Curtis","Adventure Epic, Dark Comedy, Martial Arts, SciFi Epic, Action, Adventure, Comedy, Fantasy, SciFi",United States,"400 National Way, Simi Valley, California, USA","A24, IAC Films, AGBO","English, Mandarin, Cantonese",0.0,394.0,0.0,everything everywhere all at once,61.0
Jamie Lee Curtis,1958.0,,,White,Unknown,Straight,2023.0,Best Supporting Actress,Everything Everywhere All at Once,everything everywhere all at once,tt6710474,Everything Everywhere All at Once,https://www.imdb.com/title/tt6710474,2022.0,2h 19m,R,7.8,564000.0,14300000.0,143412671.0,77191785.0,501305.0,"Daniel Kwan, Daniel Scheinert","Daniel Kwan, Daniel Scheinert","Michelle Yeoh, Stephanie Hsu, Jamie Lee Curtis","Adventure Epic, Dark Comedy, Martial Arts, SciFi Epic, Action, Adventure, Comedy, Fantasy, SciFi",United States,"400 National Way, Simi Valley, California, USA","A24, IAC Films, AGBO","English, Mandarin, Cantonese",0.0,394.0,0.0,everything everywhere all at once,65.0
Daniel Kwan,1988.0,,,Asian,Unknown,Straight,2023.0,Best Director,Everything Everywhere All at Once,everything everywhere all at once,tt6710474,Everything Everywhere All at Once,https://www.imdb.com/title/tt6710474,2022.0,2h 19m,R,7.8,564000.0,14300000.0,143412671.0,77191785.0,501305.0,"Daniel Kwan, Daniel Scheinert","Daniel Kwan, Daniel Scheinert","Michelle Yeoh, Stephanie Hsu, Jamie Lee Curtis","Adventure Epic, Dark Comedy, Martial Arts, SciFi Epic, Action, Adventure, Comedy, Fantasy, SciFi",United States,"400 National Way, Simi Valley, California, USA","A24, IAC Films, AGBO","English, Mandarin, Cantonese",0.0,394.0,0.0,everything everywhere all at once,35.0
Daniel Scheinert,1987.0,,,White,Unknown,Straight,2023.0,Best Director,Everything Everywhere All at Once,everything everywhere all at once,tt6710474,Everything Everywhere All at Once,https://www.imdb.com/title/tt6710474,2022.0,2h 19m,R,7.8,564000.0,14300000.0,143412671.0,77191785.0,501305.0,"Daniel Kwan, Daniel Scheinert","Daniel Kwan, Daniel Scheinert","Michelle Yeoh, Stephanie Hsu, Jamie Lee Curtis","Adventure Epic, Dark Comedy, Martial Arts, SciFi Epic, Action, Adventure, Comedy, Fantasy, SciFi",United States,"400 National Way, Simi Valley, California, USA","A24, IAC Films, AGBO","English, Mandarin, Cantonese",0.0,394.0,0.0,everything everywhere all at once,36.0
Cillian Murphy,1976.0,,,White,Unknown,Straight,2024.0,Best Actor,Oppenheimer,oppenheimer,tt15398776,Oppenheimer,https://www.imdb.com/title/tt15398776,2023.0,3h,R,8.3,834000.0,100000000.0,975594978.0,329862540.0,82455420.0,Christopher Nolan,"Christopher Nolan, Kai Bird, Martin Sherwin","Cillian Murphy, Emily Blunt, Matt Damon","Docudrama, Epic, Historical Epic, Period Drama, Psychological Drama, Biography, Drama, History","United States, United Kingdom","Los Alamos, New Mexico, USA","Universal Pictures, Atlas Entertainment, Gadget Films","English, German, Italian, Dutch",0.0,369.0,0.0,oppenheimer,48.0
Robert Downey Jr.,1965.0,,,White,Unknown,Straight,2024.0,Best Supporting Actor,Oppenheimer,oppenheimer,tt15398776,Oppenheimer,https://www.imdb.com/title/tt15398776,2023.0,3h,R,8.3,834000.0,100000000.0,975594978.0,329862540.0,82455420.0,Christopher Nolan,"Christopher Nolan, Kai Bird, Martin Sherwin","Cillian Murphy, Emily Blunt, Matt Damon","Docudrama, Epic, Historical Epic, Period Drama, Psychological Drama, Biography, Drama, History","United States, United Kingdom","Los Alamos, New Mexico, USA","Universal Pictures, Atlas Entertainment, Gadget Films","English, German, Italian, Dutch",0.0,369.0,0.0,oppenheimer,59.0
Emma Stone,1988.0,,,White,Unknown,Straight,2024.0,Best Actress,Poor Things,poor things,tt14230458,Poor Things,https://www.imdb.com/title/tt14230458,2023.0,2h 21m,R,7.8,320000.0,35000000.0,117625455.0,34553225.0,661230.0,Yorgos Lanthimos,"Tony McNamara, Alasdair Gray","Emma Stone, Mark Ruffalo, Willem Dafoe","Dark Comedy, Steampunk, Comedy, Drama, Romance, SciFi","Ireland, United Kingdom, United States, Hungary","Origo Film Studio, Budapest, Hungary","Element Pictures, Film4, Fruit Tree","English, French, Portuguese",0.0,414.0,0.0,poor things,36.0
Da'Vine Joy Randolph,1986.0,,,Black,Unknown,Straight,2024.0,Best Supporting Actress,The Holdovers,the holdovers,tt14849194,The Holdovers,https://www.imdb.com/title/tt14849194,2023.0,2h 13m,R,7.9,187000.0,,45676028.0,20355375.0,211093.0,Alexander Payne,David Hemingson,"Paul Giamatti, DaVine Joy Randolph, Dominic Sessa","Holiday Comedy, Comedy, Drama, Holiday",United States,"Groton School, 282 Farmers Row, Groton, Massachusetts, USA","Miramax, CAA Media Finance, Gran Via Productions",English,0.0,206.0,0.0,the holdovers,38.0
Christopher Nolan,1970.0,,,White,Unknown,Straight,2024.0,Best Director,Oppenheimer,oppenheimer,tt15398776,Oppenheimer,https://www.imdb.com/title/tt15398776,2023.0,3h,R,8.3,834000.0,100000000.0,975594978.0,329862540.0,82455420.0,Christopher Nolan,"Christopher Nolan, Kai Bird, Martin Sherwin","Cillian Murphy, Emily Blunt, Matt Damon","Docudrama, Epic, Historical Epic, Period Drama, Psychological Drama, Biography, Drama, History","United States, United Kingdom","Los Alamos, New Mexico, USA","Universal Pictures, Atlas Entertainment, Gadget Films","English, German, Italian, Dutch",0.0,369.0,0.0,oppenheimer,54.0
Sean Baker,1971.0,,,White,Unknown,Straight,2025.0,Best Director,Anora,anora,tt28607951,Anora,https://www.imdb.com/title/tt28607951,2024.0,2h 19m,R,7.9,53000.0,,30655325.0,14225466.0,550503.0,Sean Baker,Sean Baker,"Mikey Madison, Paul Weissman, Lindsey Normington","Romantic Comedy, Steamy Romance, Comedy, Drama, Romance",United States,"Brighton Beach, Brooklyn, New York City, New York, USA","Cre Film, FilmNation Entertainment","English, Russian, Armenian",0.0,174.0,0.0,anora,54.0
Paul Thomas Anderson,1970.0,,,White,Unknown,Straight,2026.0,Best Director,One Battle After Another,one battle after another,,,,,,,,,,,,,,,,,,,,,,,,,56.0
Adrien Brody,1973.0,,,White,Unknown,Straight,2025.0,Best Actor,The Brutalist,the brutalist,tt8999762,The Brutalist,https://www.imdb.com/title/tt8999762,2024.0,3h 35m,R,8.1,3000.0,10000000.0,1006269.0,1006269.0,266791.0,Brady Corbet,"Brady Corbet, Mona Fastvold","Adrien Brody, Felicity Jones, Guy Pearce","Epic, Drama","United States, United Kingdom, Canada","Budapest, Hungary","Brookstreet Pictures, Kaplan Morrison, Intake Films","English, Hungarian, Italian, Hebrew, Yiddish",0.0,232.0,0.0,the brutalist,52.0
Mikey Madison,1999.0,,,White,Unknown,Straight,2025.0,Best Actress,Anora,anora,tt28607951,Anora,https://www.imdb.com/title/tt28607951,2024.0,2h 19m,R,7.9,53000.0,,30655325.0,14225466.0,550503.0,Sean Baker,Sean Baker,"Mikey Madison, Paul Weissman, Lindsey Normington","Romantic Comedy, Steamy Romance, Comedy, Drama, Romance",United States,"Brighton Beach, Brooklyn, New York City, New York, USA","Cre Film, FilmNation Entertainment","English, Russian, Armenian",0.0,174.0,0.0,anora,26.0
Kieran Culkin,1982.0,,,White,Unknown,Straight,2025.0,Best Supporting Actor,A Real Pain,a real pain,tt21823606,A Real Pain,https://www.imdb.com/title/tt21823606,2024.0,1h 30m,R,7.3,11000.0,,9256927.0,7772102.0,228856.0,Jesse Eisenberg,Jesse Eisenberg,"Kieran Culkin, Jesse Eisenberg, Olha Bosova","Buddy Comedy, Comedy, Drama","Poland, United States","Majdanek, Lublin, Lubelskie, Poland","Topic Studios, Extreme Emotions, Fruit Tree","English, Polish",0.0,77.0,0.0,a real pain,43.0
Zoe Saldaña,1978.0,,,Black,Unknown,Straight,2025.0,Best Supporting Actress,Emilia Pérez,emilia pérez,tt20221436,Emilia Pérez,https://www.imdb.com/title/tt20221436,2024.0,2h 12m,R,6.8,21000.0,25000000.0,9655756.0,,,Jacques Audiard,"Jacques Audiard, Thomas Bidegain, La Mysius","Zoe Saldana, Karla Sofa Gascn, Selena Gomez","Pop Musical, Comedy, Crime, Drama, Musical, Thriller","France, Belgium, Mexico","Studios de Bry, 2 Av de lEurope, BrysurMarne, Paris, France","Why Not Productions, Page 114, Path","Spanish, English, French",0.0,153.0,0.0,emilia pérez,47.0
Timothée Chalamet,1995.0,,,White,Unknown,Straight,2026.0,Best Actor,Marty Supreme,marty supreme,,,,,,,,,,,,,,,,,,,,,,,,,31.0
Jessie Buckley,1989.0,,,White,Unknown,Straight,2026.0,Best Actress,Hamnet,hamnet,,,,,,,,,,,,,,,,,,,,,,,,,37.0
Stellan Skarsgård,1951.0,,,White,Unknown,Straight,2026.0,Best Supporting Actor,Sentimental Value,sentimental value,,,,,,,,,,,,,,,,,,,,,,,,,75.0
Tilda Swinton,1960.0,,,White,Unknown,Straight,2026.0,Best Supporting Actress,The Room Next Door,the room next door,tt29439114,The Room Next Door,https://www.imdb.com/title/tt29439114,2024.0,1h 47m,PG-13,7.0,81000.0,,8616768.0,273278.0,105013.0,Pedro Almodvar,"Pedro Almodvar, Sigrid Nunez","Julianne Moore, Tilda Swinton, John Turturro","Psychological Drama, Drama","Spain, United States","Echo Lake Park, Cranford, New Jersey, USA","El Deseo, Movistar Plus, Path",English,0.0,25.0,0.0,the room next door,66.0
